,Food&Drinks,AlcoholicItems,Cloothing&Footwear,Fuel&Power,HouseholdGoods,Health,Transport,Communication,Recreation&Culture,Education,Restaurants&Hotels,Goods&Services,AllExpenditure,OtherExpenditure,Total Exp,Income
0,4824,1000,1984,6080,3224,592,6424,1504,6008,536,4048,3496,39728,6016,45744,54435
1,4864,984,1992,6336,3320,608,6520,1512,6136,592,4152,3592,40608,6240,46848,58560
2,4416,1032,1960,4584,3248,352,5792,1376,6168,232,3656,2704,35512,4464,39976,41575
3,4512,1088,2000,5176,2944,416,5912,1424,5456,336,3832,3296,36376,5312,41688,51693
4,4352,952,1776,5120,3368,480,6184,1400,5936,368,3936,3176,37056,5360,42416,46233
5,4896,1088,1888,5344,3304,560,6512,1456,5784,480,3880,3496,38680,5584,44264,50460
6,4640,928,1688,5328,2728,616,5512,1472,5288,408,3248,3104,34968,5096,40064,41265
7,4976,976,1928,6040,3024,664,6752,1520,6272,288,3856,3704,39992,6144,46136,50288
8,5264,872,2392,10344,3288,656,6256,1672,5272,1480,5320,3960,46768,8120,54888,59827
9,5296,1000,2200,6432,4104,792,7896,1648,7968,728,4696,4224,46968,7608,54576,63308
10,4880,992,1768,6136,3592,744,7064,1464,6584,440,3968,3808,41440,6208,47648,50983
11,4488,960,1760,4760,2712,488,6168,1424,5656,152,3408,3000,34976,4840,39816,44992
12,4560,1120,1864,4992,2824,512,5824,1464,5632,272,3536,2920,35544,5112,40656,41062
13,5104,1176,2472,4288,2504,544,6040,1448,4160,392,3608,3128,34848,4176,39024,45267
14,2587,507,1002,3140,1572,345,3511,790,3261,149,2005,1926,20795,3194,23990,25909
15,2806,530,1166,3408,2175,419,4184,873,4223,385,2488,2238,24893,4032,28925,29214
16,1071,246,519,900,525,114,1268,304,873,82,757,656,7318,876,8195,9424
17,7296,1476,2988,9504,4980,912,9780,2268,9204,888,6228,5388,60912,9360,70272,85029
18,3985,752,1655,4840,3088,596,5942,1240,5996,547,3534,3178,35348,5725,41073,45592
19,7784,1729,3001,8496,5253,890,10354,2315,9196,763,6169,5558,61501,8878,70379,79529
20,11892,2405,4870,15491,8117,1486,15941,3696,15002,1447,10151,8782,99286,15256,114543,136306
21,20930,4234,8571,27265,14286,2616,28056,6506,26404,2547,17866,15457,174744,26851,201596,254011
22,1094,268,447,1198,677,122,1397,351,1351,65,848,700,8530,1226,9757,10928
23,1762,391,679,1923,1189,201,2344,524,2082,172,1396,1258,13924,2010,15935,17369
24,19027,3849,7792,24786,12987,2378,25506,5914,24004,2315,16242,14051,158858,24410,183269,199763
25,8110,1590,3142,9845,4929,1082,11005,2477,10223,469,6285,6037,65186,10014,75201,87233
26,7197,1599,2775,7855,4856,823,9572,2140,8502,705,5703,5139,56859,8208,65068,67020
27,1431,270,594,1738,1109,214,2134,445,2153,196,1269,1141,12695,2056,14751,15489
28,14031,2752,5436,17032,8527,1872,19039,4286,17686,812,10873,10444,112773,17325,130098,136603
29,1302,270,535,1641,870,159,1734,406,1622,144,1092,943,10726,1624,12350,12474
30,7520,1420,3124,9133,5827,1124,11212,2340,11314,1033,6668,5998,66694,10803,77497,79822
31,2782,525,1155,3379,2156,416,4148,865,4186,382,2467,2219,24676,3997,28674,30107
32,11875,2638,4579,12961,8013,1358,15794,3531,14029,1164,9410,8479,93818,13543,107362,135276
33,1682,387,815,1413,825,179,1991,477,1371,129,1189,1031,11489,1376,12866,16597
34,1678,339,687,2185,1145,209,2249,521,2116,204,1432,1239,14009,2152,16162,18910
35,2462,604,1006,2695,1524,276,3144,790,3041,146,1909,1576,19193,2760,21954,21954
36,32918,6659,13481,42880,22468,4114,44125,10232,41526,4006,28099,24309,274825,42230,317056,402661
37,2496,554,962,2725,1685,285,3321,742,2949,244,1978,1782,19726,2847,22574,25735
38,7405,1584,2904,7854,4474,805,10177,2349,9332,250,5623,4950,57710,7986,65696,73579
39,12688,2819,4893,13850,8562,1451,16877,3773,14990,1244,10055,9060,100246,14472,114719,118160
40,9479,1790,3938,11513,7346,1417,14133,2949,14262,1303,8405,7560,84072,13618,97691,108437
41,2378,508,932,2522,1437,258,3269,754,2997,80,1806,1590,18537,2565,21102,23845
42,20187,4486,7784,22035,13623,2309,26851,6003,23849,1979,15998,14415,159491,23024,182515,189816
43,2240,464,921,2823,1497,274,2983,698,2790,248,1879,1623,18449,2793,21243,26979
44,218,53,89,239,135,24,279,70,270,13,169,140,1706,245,1951,2146
45,29303,5928,12000,38171,20001,3662,39279,9109,36966,3566,25013,21639,244642,37592,282234,296346
46,7805,1882,3460,8954,5093,719,10227,2463,9438,581,6629,5702,62930,9189,72120,78611
47,46085,9323,18873,60032,31456,5760,61776,14325,58137,5609,39339,34033,384755,59123,443878,554848
48,3554,760,1393,3769,2147,386,4885,1127,4479,120,2699,2376,27700,3833,31534,39417
49,954,180,396,1159,739,142,1422,296,1435,131,846,761,8463,1370,9834,11998
50,2031,421,835,2560,1357,249,2705,633,2530,225,1705,1472,16733,2533,19267,23313
51,50694,10255,20761,66036,34602,6336,67953,15758,63951,6170,43273,37437,423230,65035,488266,502914
52,992,239,440,1138,647,91,1300,313,1200,73,843,725,8002,1168,9171,10271
53,19503,3945,7987,25406,13312,2437,26143,6062,24604,2373,16648,14403,162829,25021,187851,238570
54,8491,1726,3076,10676,6250,1294,12291,2547,11456,765,6904,6625,72105,10801,82907,103634
55,2604,540,1071,3283,1740,319,3468,812,3244,289,2185,1887,21453,3248,24701,27665
56,2591,554,1016,2748,1566,281,3562,822,3266,87,1968,1732,20198,2795,22993,26902
57,25347,5127,10380,33018,17301,3168,33976,7879,31975,3085,21636,18718,211615,32517,244133,266105
58,880,188,345,933,531,95,1209,279,1109,29,668,588,6858,949,7807,9213
59,3056,621,1107,3843,2250,466,4424,917,4124,275,2485,2385,25958,3888,29846,32831
60,32024,6478,13115,41715,21858,4003,42927,9954,40398,3897,27336,23649,267358,41083,308442,391721
61,3654,781,1433,3875,2208,397,5022,1159,4605,123,2775,2442,28480,3941,32421,40850
62,17581,3556,7200,22902,12000,2197,23567,5465,22179,2139,15008,12983,146785,22555,169340,203209
63,27076,5477,11088,35270,18481,3384,36294,8416,34156,3295,23112,19995,226049,34735,260784,260784
64,7414,1454,2872,8999,4505,989,10060,2264,9345,429,5745,5518,59588,9154,68742,76991
65,1374,259,570,1669,1064,205,2048,427,2067,188,1218,1096,12187,1974,14161,16569
66,471,108,228,396,231,50,558,133,384,36,333,289,3219,385,3605,4651
67,12057,2451,4368,15160,8875,1838,17453,3617,16267,1087,9804,9408,102389,15338,117728,128324
68,13687,2769,5605,17829,9342,1710,18347,4254,17266,1665,11683,10108,114272,17559,131831,138423
69,5332,1045,2065,6472,3240,711,7235,1628,6720,308,4131,3969,42853,6583,49437,50426
70,1374,259,570,1669,1064,205,2048,427,2067,188,1218,1096,12187,1974,14161,14303
71,778,179,376,653,381,82,920,220,634,59,550,476,5312,636,5949,7377
72,712,164,344,598,349,75,842,202,580,54,503,436,4862,582,5444,5608
73,1324,250,550,1608,1026,198,1974,412,1992,182,1174,1056,11742,1902,13644,16236
74,1345,269,489,1545,791,178,1598,426,1533,118,941,900,10140,1477,11618,12431
75,2537,515,919,3190,1867,386,3673,761,3423,228,2063,1980,21548,3228,24776,29732
76,10435,2319,4024,11390,7042,1193,13880,3103,12328,1023,8270,7451,82446,11902,94348,99066
77,13049,2559,5055,15839,7930,1741,17706,3986,16447,755,10111,9713,104875,16112,120987,147604
78,1048,233,404,1144,707,119,1394,311,1238,102,831,748,8285,1196,9481,10524
79,94,21,45,79,46,10,111,26,76,7,66,57,643,77,721,850
80,8586,1780,3531,10822,5738,1053,11434,2677,10694,954,7205,6222,70715,10708,81424,100151
81,3018,570,1254,3666,2339,451,4500,939,4541,414,2676,2407,26771,4336,31108,31730
82,1267,239,526,1539,982,189,1890,394,1907,174,1124,1011,11244,1821,13065,15939
83,1522,309,551,1914,1120,232,2203,456,2054,137,1238,1188,12929,1936,14866,18582
84,11626,2486,4559,12330,7025,1264,15978,3688,14651,393,8828,7771,90605,12538,103143,121709
85,2152,406,894,2613,1667,321,3208,669,3238,295,1908,1716,19087,3091,22179,24397
86,15199,3089,5506,19111,11187,2317,22001,4559,20506,1370,12358,11860,129069,19335,148404,164728
87,599,133,231,654,404,68,797,178,707,58,474,427,4734,683,5417,6122
88,44247,8951,18121,57638,30201,5530,59312,13754,55818,5385,37770,32676,369409,56765,426174,494362
89,2446,461,1016,2970,1895,365,3647,761,3680,336,2169,1951,21693,3514,25208,27476
90,13840,2613,5749,16809,10725,2069,20635,4306,20823,1902,12272,11039,122746,19882,142628,171154
91,2617,529,1072,3410,1786,327,3509,813,3302,318,2234,1933,21855,3358,25213,32021
92,24696,4843,9568,29976,15008,3295,33510,7543,31128,1429,19137,18383,198481,30492,228974,281638
93,496,93,206,602,384,74,739,154,746,68,440,395,4401,712,5113,5165
94,3332,690,1370,4199,2227,408,4437,1038,4150,370,2796,2414,27442,4155,31598,38550
95,3228,609,1341,3920,2501,482,4813,1004,4857,443,2862,2574,28631,4637,33269,39591
96,9317,1543,4233,18308,5819,1161,11073,2959,9331,2619,9416,7009,82779,14372,97151,122411
97,23113,4364,9601,28071,17911,3456,34461,7192,34775,3177,20495,18435,204986,33204,238190,252481
98,48350,9781,19801,62982,33002,6043,64811,15029,60994,5884,41272,35705,403659,62028,465687,596079
99,17788,3804,6975,18866,10748,1934,24446,5643,22417,602,13507,11890,138626,19183,157809,201995
100,6702,1466,2735,7884,5186,739,9523,2156,9141,566,6061,4891,57066,8254,65320,84263
101,288,54,119,350,223,43,430,89,434,39,255,230,2559,414,2973,3449
102,3131,614,1213,3801,1903,417,4249,956,3947,181,2426,2331,25170,3866,29036,33973
103,4591,1020,1770,5011,3098,525,6107,1365,5424,450,3638,3278,36276,5237,41513,43589
104,1321,293,509,1442,892,151,1758,393,1561,129,1047,943,10443,1507,11951,13743
105,1678,316,697,2038,1300,251,2502,522,2525,230,1488,1338,14888,2411,17300,18511
106,11887,2416,4306,14947,8750,1812,17207,3566,16038,1071,9666,9276,100947,15122,116070,120713
107,4584,865,1904,5567,3552,685,6835,1426,6897,630,4065,3656,40657,6585,47243,52439
108,629,118,261,764,488,94,939,195,947,86,558,502,5585,904,6490,6555
109,249,57,121,209,122,26,295,70,203,19,176,153,1706,204,1911,2407
110,46884,9484,19201,61073,32002,5860,62847,14574,59145,5706,40021,34623,391427,60148,451575,559953
111,8210,1610,3181,9966,4989,1095,11140,2508,10348,475,6362,6111,65986,10137,76124,77646
112,2404,454,999,2920,1863,359,3585,748,3618,330,2132,1918,21328,3454,24783,31970
113,5798,1201,2384,7307,3875,711,7721,1807,7221,644,4865,4201,47750,7230,54981,57180
114,18856,3814,7722,24563,12870,2357,25276,5861,23787,2295,16096,13925,157427,24190,181618,199779
115,4012,811,1643,5227,2739,501,5379,1247,5062,488,3425,2963,33501,5148,38649,42901
116,1579,380,700,1811,1030,145,2069,498,1909,117,1341,1153,12731,1859,14590,18530
117,1650,335,598,2075,1215,251,2389,495,2227,148,1342,1288,14017,2099,16117,18857
118,578,117,209,727,425,88,837,173,780,52,470,451,4913,736,5649,6101
119,3271,617,1359,3973,2535,489,4877,1018,4922,449,2900,2609,29013,4699,33713,33713
120,48036,9717,19672,62573,32787,6004,64390,14932,60598,5846,41004,35474,401038,61625,462663,476543
121,346,65,143,420,268,51,516,107,521,47,307,276,3072,497,3569,3641
122,825,167,299,1037,607,125,1194,247,1113,74,671,644,7008,1049,8058,8219
123,4705,888,1954,5715,3646,703,7016,1464,7080,646,4172,3753,41733,6760,48493,54798
124,3434,828,1522,3939,2240,316,4500,1083,4153,255,2916,2508,27689,4043,31732,37127
125,700,142,253,880,515,106,1013,210,944,63,569,546,5947,890,6838,7659
126,6769,1369,2772,8817,4620,846,9073,2104,8539,823,5778,4998,56512,8683,65196,78235
127,8738,1447,3970,17171,5458,1088,10384,2775,8751,2456,8831,6573,77634,13479,91114,97492
128,802,162,328,1045,547,100,1075,249,1012,97,685,592,6700,1029,7729,8425
129,21530,4223,8342,26134,13084,2873,29215,6576,27138,1246,16684,16027,173043,26584,199628,245543
130,3958,776,1533,4805,2405,528,5371,1209,4990,229,3067,2946,31817,4888,36705,38908
131,6784,1281,2818,8240,5257,1014,10115,2111,10208,932,6016,5411,60172,9746,69919,85302
132,78069,15793,31972,101695,53287,9758,104648,24268,98485,9501,66641,57653,651775,100154,751930,962470
133,4349,853,1685,5279,2643,580,5902,1328,5482,251,3370,3237,34959,5370,40330,47993
134,1732,359,712,2183,1158,212,2307,540,2158,192,1454,1255,14270,2160,16431,20374
135,4017,859,1575,4260,2427,436,5521,1274,5062,136,3050,2685,31307,4332,35640,40629
136,85579,17312,35048,111478,58413,10697,114716,26602,107959,10415,73052,63199,714477,109789,824266,931421
137,5543,1087,2147,6728,3368,739,7521,1693,6986,320,4295,4126,44550,6844,51395,51395
138,7539,1675,2907,8229,5088,862,10028,2242,8907,739,5975,5383,59567,8599,68166,87253
139,6261,1391,2414,6834,4225,716,8328,1862,7397,613,4962,4471,49467,7141,56609,67931
140,67690,13693,27721,88175,46202,8461,90735,21041,85391,8238,57781,49988,565123,86839,651962,678040
141,11152,2256,4567,14527,7612,1394,14949,3466,14069,1357,9520,8236,93110,14307,107418,107418
142,18736,3790,7673,24406,12788,2342,25115,5824,23636,2280,15993,13836,156426,24037,180463,187681
143,1304,255,505,1583,793,174,1770,398,1644,75,1011,971,10487,1611,12099,14277
144,3250,673,1337,4097,2172,398,4329,1013,4048,361,2728,2356,26773,4054,30827,36376
145,13186,2667,5400,17176,9000,1648,17675,4099,16634,1604,11256,9737,110088,16916,127005,130815
146,528,107,191,664,388,80,764,158,712,47,429,412,4485,671,5157,6446
147,189,38,68,237,139,28,273,56,255,17,153,147,1605,240,1846,2344
148,14592,2417,6631,28675,9114,1818,17342,4635,14615,4102,14748,10977,129650,22510,152160,196287
149,7502,1728,3633,6303,3680,799,8878,2128,6115,576,5303,4598,51226,6138,57365,65970
150,28105,6011,11021,29808,16983,3055,38625,8917,35419,951,21341,18786,219029,30309,249338,309180
151,13366,2523,5552,16233,10358,1998,19928,4159,20110,1837,11852,10660,118542,19201,137744,168048
152,644,121,267,782,499,96,960,200,969,88,571,513,5712,925,6638,6771
153,3639,778,1427,3859,2199,395,5001,1154,4586,123,2763,2432,28362,3924,32286,39712
154,11642,2355,4768,15166,7946,1455,15606,3619,14687,1417,9938,8597,97201,14936,112137,113258
155,3784,809,1483,4013,2286,411,5200,1200,4768,128,2873,2529,29490,4080,33570,40620
156,467,96,192,589,312,57,623,145,582,51,392,339,3852,583,4436,4880
157,2301,465,942,2997,1570,287,3085,715,2903,280,1964,1699,19214,2952,22166,26600
158,2263,545,1003,2596,1477,208,2966,714,2737,168,1922,1653,18249,2665,20914,22588
159,7486,1663,2886,8171,5052,856,9957,2226,8844,733,5932,5345,59145,8538,67684,73775
160,481,91,200,585,373,72,718,149,725,66,427,384,4274,692,4966,5711
161,47764,9662,19561,62218,32602,5970,64025,14847,60254,5813,40772,35273,398766,61276,460042,584254
162,1718,337,665,2085,1044,229,2331,524,2165,99,1331,1279,13810,2121,15932,18003
163,8319,1916,4029,6989,4081,886,9845,2360,6780,638,5881,5098,56802,6806,63609,78875
164,3104,608,1202,3767,1886,414,4212,948,3912,179,2405,2310,24948,3832,28781,33098
165,5471,1112,1982,6880,4027,834,7920,1641,7382,493,4449,4269,46464,6960,53425,63576
166,2379,528,917,2597,1605,272,3164,707,2811,233,1885,1699,18798,2713,21512,24524
167,33936,6865,13898,44206,23163,4242,45490,10549,42811,4130,28968,25061,283324,43536,326860,346472
168,22449,4541,9193,29242,15322,2806,30092,6978,28319,2732,19162,16578,187420,28799,216220,227031
169,6794,1668,2777,7438,4207,762,8677,2181,8391,405,5268,4350,52960,7616,60577,62394
170,625,129,257,787,417,76,832,194,778,69,524,453,5148,779,5928,6580
171,6220,1330,2439,6597,3758,676,8548,1973,7839,210,4723,4158,48476,6708,55184,58496
172,519,111,203,550,313,56,713,164,654,17,394,347,4046,559,4606,5896
173,3172,678,1244,3364,1917,344,4359,1006,3998,107,2408,2120,24723,3421,28144,28988
174,1853,384,762,2335,1238,227,2467,577,2307,205,1554,1342,15260,2310,17571,19329
175,73737,14917,30198,96052,50330,9217,98841,22921,93020,8974,62943,54453,615608,94597,710205,802532
176,352,75,138,373,212,38,483,111,443,11,267,235,2743,379,3123,3654
177,50035,10122,20491,65178,34152,6254,67071,15553,63121,6089,42711,36950,417734,64190,481925,525298
178,7153,1671,3175,7426,5261,570,9383,2229,9992,375,5922,4380,57529,7231,64761,73827
179,2405,489,871,3024,1770,366,3482,721,3245,216,1956,1877,20428,3060,23488,25367
180,4616,871,1917,5607,3577,690,6883,1436,6945,634,4093,3682,40943,6632,47575,56139
181,6130,1311,2403,6501,3704,666,8424,1945,7725,207,4654,4097,47773,6610,54384,56016
182,1899,358,789,2307,1472,284,2832,591,2858,261,1684,1515,16848,2729,19577,20556
183,3944,744,1638,4790,3056,589,5880,1227,5934,542,3497,3145,34978,5665,40644,49992
184,14124,2667,5867,17154,10945,2112,21059,4395,21251,1941,12524,11265,125268,20291,145559,148470
185,4585,932,1661,5765,3375,699,6637,1375,6186,413,3728,3577,38937,5833,44770,51037
186,84,19,41,71,41,9,100,24,69,6,60,52,580,69,649,773
187,9317,1543,4233,18308,5819,1161,11073,2959,9331,2619,9416,7009,82779,14372,97151,115610
188,5230,1025,2026,6348,3178,697,7096,1597,6592,302,4052,3893,42033,6457,48491,60614
189,34,8,16,29,17,3,41,9,28,2,24,21,237,28,266,279
190,1552,304,601,1883,943,207,2106,474,1956,89,1202,1155,12474,1916,14390,17700
191,760,154,275,956,559,115,1101,228,1026,68,618,593,6459,967,7426,8318
192,286,54,118,347,221,42,426,89,430,39,253,228,2539,411,2950,3363
193,1058,215,383,1330,779,161,1532,317,1428,95,860,825,8988,1346,10334,11988
194,647,143,249,707,437,74,861,192,765,63,513,462,5117,738,5856,5914
195,75909,15356,31087,98882,51813,9488,101753,23596,95760,9238,64797,56058,633745,97384,731129,899289
196,5898,1193,2415,7683,4026,737,7906,1833,7441,717,5035,4356,49246,7567,56813,72153
197,712,164,344,598,349,75,842,202,580,54,503,436,4862,582,5444,6751
198,1561,376,692,1790,1018,143,2045,492,1887,116,1325,1140,12586,1837,14424,15289
199,17307,3501,7088,22545,11813,2163,23200,5380,21833,2106,14774,12781,144495,22203,166699,171700
200,2878,639,1110,3142,1942,329,3829,856,3400,282,2281,2055,22743,3283,26027,31753
201,8376,1694,3430,10910,5717,1047,11227,2603,10566,1019,7150,6185,69929,10745,80675,81481
202,5202,1156,2006,5678,3510,595,6919,1547,6146,510,4122,3714,41101,5933,47034,53619
203,836,201,371,960,546,77,1096,264,1012,62,710,611,6747,985,7733,9821
204,13416,2222,6096,26364,8380,1672,15945,4261,13437,3772,13559,10093,119202,20696,139898,139898
205,6205,1327,2433,6581,3750,674,8528,1969,7820,210,4712,4148,48363,6692,55056,61112
206,3855,799,1585,4859,2576,473,5134,1201,4801,428,3235,2794,31750,4807,36558,39848
207,32376,6549,13259,42174,22098,4047,43398,10064,40842,3940,27636,23909,270297,41535,311832,321187
208,983,210,385,1043,594,106,1352,312,1239,33,747,657,7667,1061,8728,9950
209,19856,3289,9023,39019,12403,2474,23599,6307,19887,5582,20068,14938,176419,30630,207049,207049
210,82622,16714,33837,107626,56395,10327,110751,25683,104228,10055,70527,61015,689785,105995,795781,1002684
211,30182,4999,13715,59310,18852,3761,35870,9586,30228,8485,30503,22705,268157,46558,314715,396541
212,808,164,293,1017,595,123,1170,242,1091,72,657,631,6868,1028,7897,8845
213,70972,14357,29065,92450,48443,8871,95135,22062,89532,8638,60583,52411,592523,91049,683572,820287
214,1303,255,505,1582,792,173,1769,398,1643,75,1010,970,10478,1609,12088,15110
215,727,155,285,771,439,79,1000,230,917,24,552,486,5672,784,6457,7296
216,2176,476,888,2560,1684,240,3092,700,2968,184,1968,1588,18528,2680,21208,24177
217,26294,5345,9526,33062,19354,4008,38062,7888,35476,2370,21380,20518,223289,33450,256739,305520
218,144588,29250,59214,188345,98691,18073,193815,44946,182400,17597,123423,106776,1207125,185492,1392617,1796476
219,16857,3605,6610,17879,10186,1833,23168,5348,21245,570,12801,11268,131377,18180,149557,177973
220,27215,5821,10672,28865,16445,2959,37403,8635,34298,921,20666,18192,212098,29350,241448,294566
221,1377,306,531,1503,929,157,1832,409,1627,135,1091,983,10882,1571,12454,15816
222,8738,1447,3970,17171,5458,1088,10384,2775,8751,2456,8831,6573,77634,13479,91114,106603
223,5359,1011,2226,6508,4153,801,7990,1667,8063,736,4752,4274,47529,7698,55227,58541
224,13311,2958,5133,14529,8983,1522,17705,3958,15726,1305,10549,9505,105167,15182,120349,138401
225,553,112,200,695,407,84,800,165,746,49,449,431,4698,703,5402,5456
226,52,12,25,44,25,5,62,14,43,4,37,32,360,43,403,456
227,21757,4401,8910,28342,14850,2719,29165,6763,27447,2648,18572,16067,181646,27912,209559,255662
228,1254,255,454,1577,923,191,1815,376,1692,113,1020,978,10653,1595,12249,13596
229,5031,833,2286,9886,3142,627,5979,1598,5038,1414,5084,3784,44700,7761,52461,52461
230,1358,333,555,1487,841,152,1735,436,1678,81,1053,870,10592,1523,12115,15144
231,1176,222,488,1428,911,175,1754,366,1770,161,1043,938,10433,1690,12123,14790
232,1200,256,470,1273,725,130,1650,381,1513,40,911,802,9359,1295,10654,12146
233,6964,1315,2893,8458,5397,1041,10383,2167,10478,957,6175,5554,61765,10004,71770,81818
234,2333,457,904,2832,1418,311,3166,712,2941,135,1808,1737,18756,2881,21637,22503
235,730,143,283,887,444,97,991,223,921,42,566,543,5873,902,6775,8401
236,10867,2415,4190,11862,7333,1243,14454,3231,12838,1065,8612,7760,85857,12394,98252,103165
237,22540,3733,10242,44292,14079,2808,26788,7159,22574,6337,22780,16956,200259,34769,235029,258532
238,1173,230,454,1423,712,156,1591,358,1478,67,909,873,9427,1448,10876,11202
239,393,96,161,431,243,44,503,126,486,23,305,252,3071,441,3512,3653
240,20068,3789,8336,24373,15551,3001,29921,6244,30194,2758,17795,16006,177981,28829,206811,248174
241,70,17,28,76,43,7,89,22,86,4,54,44,545,78,624,799
242,898,199,346,981,606,102,1195,267,1061,88,712,641,7101,1025,8126,9752
243,1664,369,641,1816,1123,190,2214,495,1966,163,1319,1188,13151,1898,15049,15802
244,37033,7263,14348,44951,22505,4941,50250,11312,46678,2143,28697,27566,297635,45725,343361,381130
245,58,13,28,48,28,6,68,16,47,4,41,35,397,47,444,569
246,3890,644,1768,7645,2430,484,4624,1235,3896,1093,3932,2927,34568,6001,40570,45844
247,9609,2055,3768,10191,5806,1044,13205,3048,12109,325,7296,6423,74885,10362,85247,95477
248,5813,1243,2279,6165,3512,632,7989,1844,7325,196,4414,3885,45302,6269,51571,55181
249,728,137,302,884,564,108,1085,226,1095,100,645,580,6458,1046,7504,9305
250,6404,1295,2623,8343,4371,800,8585,1990,8079,779,5467,4729,53471,8216,61688,64772
251,29,6,14,24,14,3,35,8,24,2,21,18,203,24,227,284
252,440,83,183,535,341,65,657,137,663,60,390,351,3910,633,4543,4997
253,4217,827,1634,5119,2563,562,5722,1288,5316,244,3268,3139,33897,5207,39104,40278
254,4069,768,1690,4942,3153,608,6068,1266,6123,559,3608,3246,36094,5846,41941,42780
255,1013,210,416,1276,677,124,1349,315,1261,112,850,734,8342,1263,9606,12103
256,54,12,26,45,26,5,64,15,44,4,38,33,373,44,418,539
257,272,58,106,289,164,29,374,86,343,9,207,182,2126,294,2420,2444
258,1431,345,634,1641,933,131,1875,451,1730,106,1215,1045,11538,1684,13223,14678
259,8160,1540,3389,9910,6323,1220,12166,2539,12277,1121,7235,6508,72370,11722,84092,97547
260,64808,12711,25110,78665,39385,8648,87939,19796,81687,3750,50221,48241,520861,80020,600882,642943
261,4281,951,1651,4673,2889,489,5694,1273,5058,419,3393,3057,33825,4883,38708,45289
262,403,76,167,490,312,60,601,125,607,55,357,321,3580,579,4160,4992
263,9440,2019,3702,10012,5704,1026,12974,2995,11897,319,7168,6310,73571,10180,83752,95477
264,1925,391,697,2421,1417,293,2787,577,2598,173,1565,1502,16353,2449,18803,22564
265,96,18,40,117,75,14,144,30,145,13,85,77,859,139,998,1257
266,19,4,8,21,12,2,25,6,24,1,15,12,152,21,174,202
267,1193,255,468,1266,721,129,1640,378,1504,40,906,797,9302,1287,10590,11331
268,2624,533,950,3300,1931,400,3799,787,3541,236,2134,2048,22287,3338,25626,30239
269,24976,4898,9677,30317,15178,3332,33891,7629,31481,1445,19354,18591,200736,30839,231576,280207
270,8829,2034,4276,7418,4331,941,10449,2505,7196,678,6241,5411,60287,7224,67511,82364
271,3929,770,1522,4769,2388,524,5332,1200,4952,227,3045,2925,31581,4851,36433,37890
272,4061,821,1663,5290,2772,507,5444,1262,5123,494,3466,2999,33907,5210,39117,40291
273,7315,1564,2868,7758,4420,795,10053,2321,9219,247,5555,4890,57010,7889,64900,75933
274,398,85,156,422,240,43,547,126,501,13,302,266,3104,429,3533,4099
275,1094,226,449,1378,731,134,1456,341,1362,121,918,792,9010,1364,10374,11308
276,638,156,260,698,395,71,815,204,788,38,494,408,4975,715,5690,6202
277,11181,2391,4385,11859,6756,1215,15367,3547,14091,378,8491,7474,87142,12058,99201,101185
278,106273,21499,43523,138435,72538,13284,142455,33035,134065,12934,90716,78481,887243,136337,1023581,1084995
279,521,120,252,438,255,55,617,147,425,40,368,319,3561,426,3988,4905
280,983,192,380,1193,597,131,1334,300,1239,56,761,731,7902,1214,9116,10210
281,22772,4607,9326,29664,15543,2846,30526,7079,28728,2771,19439,16817,190123,29215,219338,254433
282,29112,5889,11922,37923,19871,3639,39024,9049,36726,3543,24851,21499,243053,37348,280402,328070
283,4156,923,1602,4536,2804,475,5528,1236,4910,407,3293,2967,32836,4740,37576,40582
284,4878,987,1998,6355,3330,609,6540,1516,6154,593,4164,3603,40732,6259,46992,57800
285,687,134,266,834,417,91,932,209,866,39,532,511,5524,848,6373,7265
286,931,228,380,1020,577,104,1190,299,1150,55,722,596,7263,1044,8308,10302
287,90,20,43,75,44,9,106,25,73,6,63,55,616,73,690,717
288,1159,267,561,974,568,123,1372,328,945,89,819,710,7916,948,8864,10903
289,125,23,51,151,96,18,186,38,188,17,110,99,1109,179,1289,1405
290,483,97,197,629,329,60,647,150,609,58,412,356,4034,620,4655,4934
291,17512,3542,7172,22812,11953,2189,23474,5443,22092,2131,14949,12932,146207,22466,168673,182167
292,6789,1452,2662,7200,4102,738,9330,2154,8556,229,5155,4538,52910,7321,60232,74687
293,855,173,310,1075,629,130,1238,256,1154,77,695,667,7266,1088,8355,9775
294,13972,3369,6193,16028,9116,1288,18307,4409,16895,1040,11866,10206,112645,16449,129095,140713
295,446,87,173,542,271,59,606,136,563,25,346,332,3590,551,4142,5178
296,6594,1293,2555,8005,4007,880,8948,2014,8312,381,5110,4909,53003,8142,61146,77044
297,280,57,101,352,206,42,406,84,378,25,228,218,2382,356,2739,2767
298,1050,213,380,1320,773,160,1520,315,1417,94,854,819,8921,1336,10257,10667
299,233,51,90,255,157,26,310,69,276,22,185,166,1846,266,2112,2112
300,1015,210,417,1280,678,124,1352,316,1265,112,852,736,8366,1266,9633,12138
301,890,180,364,1159,607,111,1193,276,1122,108,759,657,7430,1141,8572,9344
302,26480,5357,10844,34494,18074,3310,35496,8231,33405,3222,22604,19555,221077,33971,255049,290756
303,8756,1771,3586,11406,5976,1094,11737,2721,11046,1065,7474,6466,73103,11233,84336,102891
304,1260,290,610,1058,618,134,1491,357,1027,96,891,772,8605,1031,9637,12239
305,75467,15267,30906,98305,51511,9433,101160,23459,95202,9185,64420,55731,630051,96816,726867,915853
306,27,6,13,22,13,2,32,7,22,2,19,16,184,22,207,211
307,6373,1250,2469,7736,3873,850,8648,1946,8033,368,4939,4744,51226,7869,59096,62051
308,27037,5783,10603,28676,16338,2939,37158,8578,34074,915,20531,18073,210711,29158,239870,256661
309,1307,256,506,1587,794,174,1774,399,1648,75,1013,973,10508,1614,12122,14305
310,1669,315,693,2027,1293,249,2489,519,2511,229,1480,1331,14806,2398,17204,20301
311,2671,504,1109,3244,2069,399,3982,831,4018,367,2368,2130,23689,3837,27527,34133
312,24591,5929,10900,28210,16045,2267,32221,7761,29736,1831,20885,17963,198256,28951,227207,261288
313,420,96,203,353,206,44,497,119,342,32,297,257,2872,344,3216,4149
314,960,195,347,1207,706,146,1390,288,1295,86,780,749,8155,1221,9377,9940
315,6536,1234,2715,7938,5065,977,9745,2034,9834,898,5796,5213,57970,9390,67361,78138
316,43272,9256,16969,45895,26148,4705,59471,13730,54534,1465,32859,28925,337235,46666,383902,495234
317,325,66,117,409,239,49,471,97,439,29,264,254,2765,414,3179,3752
318,4808,1028,1885,5099,2905,522,6608,1525,6059,162,3651,3214,37471,5185,42656,43936
319,398,88,153,434,268,45,530,118,470,39,315,284,3148,454,3602,4215
320,377,83,145,412,254,43,502,112,446,37,299,269,2982,430,3413,3583
321,601,113,249,729,465,89,896,187,904,82,532,479,5330,863,6193,6503
322,394,77,152,478,239,52,535,120,497,22,305,293,3171,487,3658,4610
323,3615,773,1417,3834,2184,393,4968,1147,4556,122,2745,2416,28176,3899,32075,32717
324,1575,318,645,2052,1075,196,2111,489,1987,191,1344,1163,13152,2021,15173,15325
325,5181,1151,1998,5656,3496,592,6892,1541,6121,508,4106,3700,40938,5910,46849,58092
326,94,21,45,79,46,10,111,26,76,7,66,57,642,76,719,870
327,14813,2905,5739,17980,9002,1976,20100,4524,18671,857,11479,11026,119054,18290,137344,151078
328,6405,1256,2481,7774,3892,854,8691,1956,8073,370,4963,4767,51478,7908,59386,60574
329,3651,742,1322,4590,2687,556,5285,1095,4926,329,2968,2849,31005,4644,35650,39215
330,9215,1740,3828,11191,7140,1378,13739,2867,13864,1266,8171,7349,81724,13237,94962,96861
331,453,85,188,550,351,67,676,141,682,62,402,361,4021,651,4673,4720
332,6640,1099,3017,13048,4147,827,7891,2109,6650,1866,6710,4995,58994,10242,69237,69237
333,28,5,11,34,22,4,42,8,43,3,25,22,255,41,296,329
334,2578,486,1071,3131,1997,385,3844,802,3879,354,2286,2056,22865,3703,26569,33211
335,222,45,80,280,164,33,322,66,300,20,181,173,1892,283,2175,2415
336,7,1,3,9,5,1,11,2,11,1,6,5,66,10,77,94
337,2406,454,999,2922,1864,359,3587,748,3620,330,2133,1919,21342,3457,24799,26535
338,1969,421,772,2088,1190,214,2706,624,2482,66,1495,1316,15349,2124,17473,17997
339,656,124,272,797,509,98,979,204,988,90,582,523,5826,943,6769,7920
340,1346,287,527,1427,813,146,1850,427,1696,45,1022,899,10491,1451,11943,12899
341,1464,353,649,1680,955,135,1919,462,1771,109,1243,1069,11808,1724,13532,14615
342,1114,247,429,1216,751,127,1481,331,1316,109,882,795,8801,1270,10072,10576
343,3351,733,1367,3942,2593,369,4761,1078,4570,283,3030,2445,28533,4127,32660,32660
344,254,49,98,308,154,33,345,77,320,14,197,189,2043,314,2358,2381
345,235,47,85,296,173,35,341,70,318,21,191,183,2002,299,2302,2509
346,7380,1447,2859,8959,4485,984,10015,2254,9303,427,5719,5494,59320,9113,68433,71170
347,393,84,154,417,237,42,540,124,495,13,298,263,3066,424,3491,3980
348,1967,371,817,2389,1524,294,2933,612,2960,270,1744,1569,17450,2826,20276,23723
349,9919,2169,4047,11669,7676,1094,14094,3190,13529,838,8970,7238,84458,12216,96674,123743
350,543,106,210,659,330,72,737,165,684,31,420,404,4365,670,5036,6396
351,1283,260,465,1613,944,195,1858,385,1731,115,1043,1001,10899,1632,12532,14663
352,122214,24724,50051,159200,83419,15276,163823,37991,154175,14874,104324,90253,1020329,156788,1177118,1224202
353,22444,4402,8696,27243,13639,2994,30455,6856,28290,1299,17392,16706,180385,27712,208097,208097
354,7882,1751,3039,8603,5319,901,10484,2344,9312,772,6246,5628,62274,8990,71265,80529
355,18625,3767,7627,24261,12712,2328,24966,5789,23495,2266,15898,13754,155494,23894,179389,213472
356,4662,966,1917,5876,3116,572,6209,1453,5807,518,3912,3379,38401,5815,44216,55270
357,10006,1962,3877,12146,6081,1335,13578,3056,12613,579,7754,7448,80425,12355,92781,119687
358,20100,4466,7751,21940,13564,2299,26735,5977,23746,1970,15929,14352,158802,22925,181727,194448
359,655,158,290,752,427,60,859,206,792,48,556,478,5286,771,6058,7633
360,27881,5640,11418,36319,19031,3485,37374,8667,35173,3393,23800,20590,232776,35769,268546,284659
361,9,2,3,10,5,1,12,3,11,0,7,6,73,10,83,106
362,14688,2773,6101,17839,11382,2196,21899,4570,22099,2019,13024,11715,130266,21100,151367,171044
363,793,155,307,962,481,105,1076,242,999,45,614,590,6374,979,7353,7574
364,2437,533,994,2867,1886,268,3463,784,3324,206,2204,1778,20751,3001,23752,24703
365,6520,1449,2514,7117,4400,745,8672,1939,7703,639,5167,4656,51514,7436,58951,59541
366,334,74,128,364,225,38,444,99,394,32,264,238,2640,381,3021,3384
367,39321,7954,16103,51221,26839,4915,52708,12223,49604,4785,33565,29038,328280,50444,378725,450682
368,43960,8893,18003,57264,30005,5495,58927,13665,55456,5350,37525,32464,367010,56396,423407,457279
369,7113,1747,2907,7787,4405,798,9085,2283,8785,424,5516,4555,55448,7974,63423,64057
370,1256,254,514,1636,857,157,1684,390,1585,152,1072,927,10490,1612,12102,12223
371,606,114,251,736,469,90,903,188,912,83,537,483,5376,870,6247,7684
372,153,31,55,192,112,23,221,45,206,13,124,119,1299,194,1494,1927
373,121,22,50,147,93,18,180,37,182,16,107,96,1074,174,1249,1611
374,7759,1577,2811,9756,5711,1182,11231,2327,10468,699,6309,6054,65889,9870,75760,92427
375,5638,1206,2211,5979,3407,613,7748,1788,7105,190,4281,3768,43940,6080,50020,62525
376,577,117,209,726,425,88,835,173,779,52,469,450,4903,734,5637,7272
377,4541,890,1759,5512,2759,605,6161,1387,5723,262,3518,3380,36496,5606,42103,52208
378,26724,5406,10944,34812,18241,3340,35823,8307,33713,3252,22812,19735,223113,34284,257398,265120
379,1834,372,664,2306,1350,279,2654,550,2474,165,1491,1431,15574,2333,17908,19698
380,32157,6505,13169,41889,21949,4019,43105,9996,40566,3913,27450,23747,268470,41254,309725,393351
381,115542,23374,47319,150509,78865,14442,154880,35916,145758,14062,98629,85326,964627,148228,1112856,1201885
382,284,57,116,371,194,35,381,88,359,34,243,210,2377,365,2743,3291
383,1110,255,538,933,545,118,1314,315,905,85,785,680,7584,908,8493,9513
384,6609,1248,2745,8027,5122,988,9854,2056,9944,908,5860,5271,58619,9495,68115,76970
385,248,61,101,272,154,27,317,79,307,14,193,159,1940,279,2219,2796
386,134,26,51,162,81,17,182,40,169,7,103,99,1078,165,1243,1393
387,289,54,120,352,224,43,432,90,436,39,257,231,2570,416,2987,3704
388,5277,1128,2069,5596,3188,573,7252,1674,6650,178,4007,3527,41124,5690,46815,47752
389,434,81,180,527,336,64,647,135,653,59,384,346,3849,623,4473,5188
390,27076,5477,11088,35270,18481,3384,36294,8416,34156,3295,23112,19995,226049,34735,260784,325981
391,33891,6647,13131,41137,20596,4522,45987,10352,42717,1961,26262,25227,272381,41846,314227,402211
392,820,160,317,995,498,109,1113,250,1033,47,635,610,6592,1012,7605,7985
393,333,67,120,419,245,50,483,100,450,30,271,260,2833,424,3258,4007
394,3751,864,1816,3151,1840,399,4439,1064,3057,288,2651,2299,25613,3069,28682,32985
395,664,125,275,806,514,99,990,206,999,91,588,529,5889,954,6843,8349
396,13267,2684,5433,17282,9055,1658,17784,4124,16736,1614,11325,9797,110764,17020,127784,129062
397,13627,2756,5581,17751,9301,1703,18267,4236,17191,1658,11632,10063,113773,17482,131256,145694
398,137,30,52,149,92,15,182,40,161,13,108,97,1082,156,1238,1313
399,7762,1522,3007,9422,4717,1035,10533,2371,9784,449,6015,5778,62387,9584,71972,76290
400,34796,7039,14250,45326,23750,4349,46642,10816,43895,4235,29702,25696,290501,44639,335141,392115
401,323,71,124,353,218,37,430,96,382,31,256,231,2558,369,2928,3747
402,672,134,244,772,395,89,799,213,766,59,470,450,5070,738,5809,6448
403,5282,997,2194,6415,4093,790,7876,1643,7948,726,4684,4213,46850,7588,54439,65327
404,1571,336,616,1666,949,170,2159,498,1980,53,1193,1050,12246,1694,13941,15614
405,11841,2395,4849,15425,8082,1480,15873,3681,14938,1441,10108,8745,98864,15191,114056,118618
406,3266,660,1337,4254,2229,408,4378,1015,4120,397,2788,2412,27270,4190,31461,33978
407,591,126,231,627,357,64,812,187,745,20,449,395,4609,637,5246,6033
408,28497,5380,11838,34610,22083,4261,42488,8867,42875,3917,25269,22729,252734,40938,293672,308356
409,7246,1368,3010,8801,5615,1083,10804,2255,10903,996,6425,5780,64269,10410,74680,95591
410,1027,194,426,1248,796,153,1532,319,1546,141,911,819,9114,1476,10591,12603
411,435,82,180,528,337,65,648,135,654,59,385,347,3859,625,4484,5157
412,8138,1740,3191,8631,4917,884,11184,2582,10256,275,6179,5440,63423,8776,72200,85918
413,12577,2794,4850,13728,8487,1438,16728,3740,14858,1233,9967,8980,99364,14344,113709,115983
414,1879,382,681,2363,1383,286,2721,563,2536,169,1528,1466,15964,2391,18355,22026
415,13416,2222,6096,26364,8380,1672,15945,4261,13437,3772,13559,10093,119202,20696,139898,173474
416,33558,5559,15249,65943,20961,4182,39882,10659,33609,9435,33915,25245,298148,51765,349914,391903
417,11875,2638,4579,12961,8013,1358,15794,3531,14029,1164,9410,8479,93818,13543,107362,121319
418,1979,423,776,2098,1195,215,2719,627,2494,67,1502,1322,15423,2134,17557,20893
419,2278,487,893,2416,1376,247,3131,723,2871,77,1730,1523,17758,2457,20216,20418
420,111011,22457,45463,144607,75772,13876,148806,34508,140042,13511,94761,81980,926802,142416,1069218,1133371
421,25788,5217,10561,33592,17602,3223,34568,8016,32532,3138,22013,19044,215298,33083,248381,317928
422,772,151,299,938,469,103,1048,236,974,44,598,575,6212,954,7166,8313
423,8326,1684,3409,10846,5683,1040,11161,2588,10503,1013,7107,6148,69513,10681,80195,95432
424,483,97,197,629,329,60,647,150,609,58,412,356,4034,620,4655,4841
425,7026,1502,2755,7452,4245,763,9656,2229,8854,237,5335,4696,54757,7577,62334,71684
426,475,89,197,577,368,71,708,147,715,65,421,379,4214,682,4897,5142
427,3337,691,1372,4207,2230,409,4445,1040,4157,370,2801,2419,27490,4162,31652,38616
428,6917,1537,2667,7550,4668,791,9200,2057,8172,678,5482,4939,54650,7889,62540,66292
429,52094,10538,21334,67860,35558,6511,69830,16193,65718,6340,44469,38471,434922,66832,501754,551930
430,14382,3146,5869,16920,11130,1586,20437,4626,19617,1216,13007,10496,122464,17713,140178,152794
431,1706,322,708,2072,1322,255,2543,530,2566,234,1512,1360,15130,2450,17581,21449
432,132,25,51,160,80,17,179,40,166,7,102,98,1062,163,1226,1459
433,8513,1821,3338,9029,5144,925,11700,2701,10729,288,6464,5691,66349,9181,75531,95169
434,6485,1387,2543,6878,3919,705,8913,2057,8173,219,4924,4335,50542,6994,57536,68468
435,8618,1743,3529,11226,5882,1077,11552,2678,10871,1048,7356,6364,71949,11056,83005,100436
436,24617,4980,10081,32067,16803,3077,32999,7652,31055,2996,21014,18179,205526,31582,237108,258447
437,5160,1044,2113,6722,3522,645,6918,1604,6510,628,4405,3811,43087,6621,49708,62632
438,16394,3316,6714,21356,11190,2049,21976,5096,20681,1995,13994,12107,136872,21032,157905,173695
439,578,123,226,613,349,62,795,183,729,19,439,386,4508,623,5132,5594
440,204,38,85,248,158,30,305,63,308,28,181,163,1816,294,2110,2385
441,122,23,47,148,74,16,165,37,153,7,94,90,981,150,1131,1233
442,334,82,136,366,207,37,427,107,413,19,259,214,2610,375,2985,3851
443,1198,234,464,1454,728,159,1625,365,1510,69,928,891,9628,1479,11108,11219
444,3246,673,1335,4092,2170,398,4323,1012,4043,360,2724,2353,26740,4049,30789,39102
445,8431,1803,3306,8942,5094,916,11587,2675,10625,285,6402,5636,65708,9092,74801,90509
446,3443,765,1328,3758,2324,393,4580,1024,4068,337,2729,2459,27207,3927,31135,38296
447,9583,2096,3911,11275,7417,1057,13618,3083,13072,810,8667,6994,81604,11803,93408,111156
448,3623,775,1420,3842,2189,393,4979,1149,4566,122,2751,2421,28236,3907,32143,32143
449,18856,3814,7722,24563,12870,2357,25276,5861,23787,2295,16096,13925,157427,24190,181618,185250
450,618,116,256,751,479,92,922,192,930,85,548,493,5484,888,6372,8029
451,3119,634,1130,3922,2296,475,4516,935,4209,281,2536,2434,26492,3968,30461,36858
452,105,25,42,115,65,11,134,33,129,6,81,67,818,117,936,974
453,51011,10319,20891,66448,34818,6376,68378,15857,64351,6208,43544,37671,425876,65442,491318,619061
454,10176,2176,3990,10792,6149,1106,13985,3228,12824,344,7727,6802,79304,10974,90278,97501
455,4076,1001,1666,4462,2524,457,5206,1308,5035,243,3161,2610,31776,4570,36346,36346
456,5441,1106,1971,6841,4005,829,7876,1632,7341,490,4424,4245,46205,6921,53127,62158
457,6811,1456,2671,7224,4115,740,9360,2161,8583,230,5172,4553,53082,7345,60427,76138
458,114264,23116,46796,148845,77993,14283,153167,35519,144146,13907,97538,84383,953962,146589,1100552,1353679
459,5530,1229,2132,6037,3732,632,7356,1644,6534,542,4383,3949,43696,6308,50004,50004
460,37707,7628,15442,49118,25737,4713,50545,11721,47568,4589,32187,27846,314807,48374,363182,424923
461,25,6,10,27,15,2,32,8,31,1,19,16,196,28,224,240
462,2761,572,1135,3479,1845,338,3676,860,3438,306,2316,2000,22738,3443,26182,28014
463,17117,3462,7010,22297,11683,2139,22945,5321,21594,2083,14611,12641,142909,21960,164869,201140
464,443,108,181,485,274,49,565,142,547,26,343,283,3453,496,3950,4779
465,48350,9781,19801,62982,33002,6043,64811,15029,60994,5884,41272,35705,403659,62028,465687,540197
466,3546,669,1473,4307,2748,530,5288,1103,5336,487,3145,2828,31456,5095,36551,40206
467,6703,1489,2585,7317,4524,766,8916,1993,7919,657,5312,4786,52963,7646,60609,73943
468,1974,438,761,2155,1332,225,2626,587,2332,193,1564,1409,15598,2251,17850,18207
469,12913,2612,5288,16822,8814,1614,17310,4014,16291,1571,11023,9536,107814,16567,124381,155476
470,6832,1388,2475,8590,5028,1041,9889,2049,9217,616,5555,5331,58016,8691,66707,78714
471,570,126,219,622,384,65,758,169,673,55,451,407,4503,650,5153,5617
472,633,145,306,531,310,67,749,179,516,48,447,388,4323,518,4841,5712
473,3724,757,1349,4682,2741,567,5391,1117,5024,335,3028,2906,31627,4737,36364,43637
474,697,171,285,763,431,78,890,223,861,41,540,446,5435,781,6217,7771
475,9519,1925,3898,12399,6497,1189,12760,2959,12008,1158,8125,7029,79472,12212,91684,102686
476,167,35,65,177,101,18,229,53,210,5,127,111,1303,180,1484,1706
477,841,193,407,706,412,89,995,238,685,64,594,515,5744,688,6433,7784
478,8791,1660,3652,10677,6812,1314,13107,2735,13226,1208,7795,7011,77966,12629,90596,99655
479,46005,9306,18840,59927,31401,5750,61668,14300,58036,5599,39270,33974,384081,59019,443101,469687
480,2666,441,1211,5240,1665,332,3169,846,2670,749,2694,2006,23691,4113,27804,33643
481,13094,2800,5135,13888,7912,1423,17996,4154,16502,443,9943,8753,102049,14121,116171,128949
482,12986,2627,5318,16917,8864,1623,17408,4037,16383,1580,11085,9590,108423,16660,125084,147599
483,1158,227,448,1406,704,154,1572,353,1460,67,897,862,9312,1430,10743,11280
484,395,77,153,479,240,52,536,120,498,22,306,294,3176,488,3664,4434
485,3421,692,1401,4456,2335,427,4586,1063,4315,416,2920,2526,28562,4389,32951,40201
486,11737,2882,4797,12849,7268,1317,14990,3768,14496,700,9101,7516,91490,13158,104648,127671
487,3091,686,1192,3374,2086,353,4111,919,3652,303,2449,2207,24422,3525,27948,31022
488,89,18,32,112,65,13,129,26,120,8,72,69,756,113,870,1096
489,4279,865,1752,5574,2920,534,5736,1330,5398,520,3652,3160,35727,5490,41217,48224
490,31153,6302,12758,40581,21264,3894,41760,9684,39300,3791,26593,23006,260091,39966,300058,324063
491,55302,11187,22648,72039,37747,6912,74131,17191,69765,6730,47207,40840,461706,70947,532654,623205
492,11630,2804,5155,13342,7588,1072,15239,3670,14063,866,9877,8496,93766,13692,107459,130025
493,1048,233,404,1144,707,119,1394,311,1238,102,831,748,8285,1196,9481,11282
494,1833,346,761,2226,1420,274,2733,570,2758,252,1625,1462,16260,2633,18893,19271
495,25683,4254,11670,50469,16042,3200,30523,8157,25722,7221,25956,19321,228184,39618,267802,337431
496,9231,1867,3780,12025,6301,1153,12374,2869,11645,1123,7880,6817,77072,11843,88915,102252
497,916,173,380,1113,710,137,1367,285,1379,126,813,731,8131,1317,9448,11905
498,11243,2122,4670,13654,8712,1681,16762,3498,16915,1545,9969,8967,99709,16151,115861,134399
499,3835,724,1593,4658,2972,573,5718,1193,5770,527,3400,3059,34014,5509,39523,45847
500,14164,3029,5554,15023,8559,1540,19467,4494,17851,479,10756,9468,110390,15275,125666,136976
501,90143,18236,36917,117424,61529,11267,120834,28021,113717,10971,76948,66569,752581,115644,868226,1120011
502,290,54,120,353,225,43,433,90,437,39,257,231,2579,417,2997,3746
503,311,69,120,340,210,35,414,92,368,30,247,222,2464,355,2820,3356
504,329,62,137,400,255,49,491,102,496,45,292,263,2924,473,3398,3398
505,1848,349,768,2245,1432,276,2756,575,2781,254,1639,1474,16397,2656,19053,21340
506,9283,1878,3802,12093,6336,1160,12444,2885,11711,1129,7924,6855,77507,11910,89417,104618
507,885,189,347,938,534,96,1216,280,1115,29,672,591,6897,954,7852,9030
508,994,201,407,1295,678,124,1333,309,1254,121,849,734,8304,1276,9581,11593
509,1831,345,761,2224,1419,273,2731,570,2756,251,1624,1461,16246,2631,18878,20011
510,2079,501,921,2385,1357,191,2725,656,2515,154,1766,1519,16768,2448,19216,21522
511,12254,2313,5090,14882,9495,1832,18269,3813,18436,1684,10865,9773,108675,17603,126279,147746
512,2383,509,934,2528,1440,259,3276,756,3004,80,1810,1593,18578,2570,21149,27283
513,57802,11693,23672,75294,39453,7225,77481,17968,72918,7035,49340,42686,482571,74154,556725,578994
514,19573,3959,8015,25496,13359,2446,26236,6084,24691,2382,16707,14454,163409,25110,188519,229993
515,1952,368,811,2371,1513,292,2911,607,2938,268,1731,1557,17319,2805,20124,22942
516,54438,10677,21092,66079,33083,7264,73868,16629,68617,3150,42185,40522,437523,67217,504741,524930
517,969,183,402,1177,751,145,1445,301,1458,133,859,773,8599,1392,9991,11690
518,300,72,133,344,196,27,393,94,363,22,255,219,2423,353,2776,3221
519,2113,427,865,2753,1442,264,2833,657,2666,257,1804,1560,17645,2711,20357,23410
520,40614,8216,16633,52905,27721,5076,54441,12625,51235,4943,34668,29992,339073,52103,391177,457677
521,71,13,29,86,55,10,106,22,107,9,63,57,634,102,737,737
522,1512,307,548,1902,1113,230,2189,453,2041,136,1230,1180,12846,1924,14770,16986
523,41311,8357,16918,53813,28197,5163,55375,12841,52114,5027,35263,30507,344892,52997,397890,405848
524,18660,3660,7230,22650,11340,2490,25320,5700,23520,1080,14460,13890,149971,23040,173011,223184
525,488,92,202,592,378,73,727,151,734,67,432,389,4329,701,5031,5383
526,19531,4177,7659,20715,11802,2123,26843,6197,24615,661,14831,13056,152216,21063,173280,195807
527,2263,374,1028,4447,1413,282,2690,718,2266,636,2287,1702,20110,3491,23601,29738
528,17686,3578,7243,23038,12072,2210,23708,5497,22311,2152,15097,13061,147658,22689,170348,173755
529,606,134,233,661,409,69,806,180,716,59,480,432,4788,691,5479,6192
530,58,11,21,73,42,8,84,17,78,5,47,45,493,73,567,670
531,2756,560,998,3466,2029,420,3990,826,3719,248,2241,2151,23408,3506,26915,34183
532,5078,1027,2079,6615,3466,634,6807,1578,6406,618,4335,3750,42400,6515,48915,50382
533,2079,392,863,2525,1611,310,3100,647,3128,285,1843,1658,18440,2987,21427,21641
534,417,84,170,543,284,52,559,129,526,50,356,308,3484,535,4019,4903
535,17918,3624,7338,23341,12230,2239,24019,5570,22604,2180,15295,13232,149597,22987,172584,207101
536,584,143,238,639,361,65,746,187,721,34,453,374,4554,655,5209,5365
537,1155,234,418,1453,850,176,1672,346,1559,104,939,901,9813,1470,11283,14329
538,1425,304,558,1511,861,154,1958,452,1795,48,1082,952,11105,1536,12642,16182
539,23308,4985,9140,24721,14084,2534,32033,7395,29374,789,17699,15580,181648,25136,206784,246073
540,2189,442,896,2851,1494,273,2934,680,2761,266,1868,1616,18278,2808,21087,21930
541,557,112,228,725,380,69,746,173,702,67,475,411,4650,714,5365,5955
542,27324,5527,11190,35593,18650,3415,36627,8493,34469,3325,23324,20178,228121,35054,263175,310547
543,2447,543,943,2670,1651,279,3254,727,2890,239,1939,1747,19332,2790,22123,23229
544,3108,586,1291,3775,2408,464,4634,967,4676,427,2756,2479,27566,4465,32032,36516
545,5531,1183,2169,5867,3342,601,7602,1755,6971,187,4200,3697,43110,5965,49075,56437
546,63548,12856,26025,82780,43375,7943,85184,19754,80167,7734,54246,46929,530545,81525,612071,685519
547,4456,738,2025,8757,2783,555,5296,1415,4463,1252,4503,3352,39593,6874,46468,49256
548,14988,3032,6138,19524,10230,1873,20091,4659,18908,1824,12794,11068,125134,19228,144363,158799
549,9,2,4,7,4,0,10,2,7,0,6,5,61,7,69,81
550,10056,2151,3943,10666,6077,1093,13821,3190,12673,340,7636,6722,78373,10845,89218,114200
551,3494,842,1548,4008,2279,322,4578,1102,4225,260,2967,2552,28170,4113,32284,38741
552,807,152,335,980,625,120,1203,251,1214,110,715,643,7159,1159,8318,8318
553,2911,670,1409,2445,1428,310,3445,825,2372,223,2057,1784,19876,2381,22258,24706
554,2902,644,1119,3168,1958,331,3860,863,3428,284,2300,2072,22930,3310,26240,27815
555,3858,784,1397,4851,2839,588,5584,1157,5205,347,3137,3010,32762,4908,37670,48218
556,5832,1247,2287,6186,3524,634,8016,1850,7350,197,4429,3898,45456,6290,51747,58991
557,2576,505,998,3127,1565,343,3496,787,3247,149,1996,1917,20707,3181,23888,27710
558,5224,1160,2014,5702,3525,597,6948,1553,6171,512,4140,3730,41274,5958,47232,49594
559,133,30,64,112,65,14,158,37,108,10,94,81,912,109,1021,1266
560,115464,23358,47287,150407,78812,14433,154775,35892,145660,14053,98562,85269,963978,148129,1112107,1379013
561,6337,1196,2632,7696,4910,947,9448,1972,9534,871,5619,5054,56203,9103,65307,73797
562,41,8,16,50,25,5,56,12,52,2,32,30,333,51,384,392
563,3026,615,1096,3805,2227,461,4381,908,4083,272,2461,2361,25702,3850,29552,36645
564,4553,921,1864,5931,3107,569,6103,1415,5744,554,3886,3362,38013,5841,43855,52626
565,1139,215,473,1384,883,170,1699,354,1714,156,1010,909,10109,1637,11746,12803
566,3187,660,1310,4017,2130,391,4244,993,3969,354,2674,2309,26248,3974,30223,38383
567,488,98,200,636,333,61,654,151,616,59,416,360,4077,626,4703,5409
568,13416,2727,4860,16869,9875,2045,19420,4024,18100,1209,10908,10468,113926,17067,130993,168982
569,516,97,214,627,400,77,770,160,777,71,458,412,4581,742,5323,5429
570,1936,414,759,2053,1169,210,2660,614,2439,65,1470,1294,15088,2087,17176,18035
571,3689,749,1336,4638,2715,562,5340,1106,4977,332,2999,2878,31328,4693,36021,44667
572,2493,554,961,2721,1682,285,3316,741,2946,244,1976,1780,19701,2844,22546,27957
573,2735,556,991,3440,2013,417,3960,820,3691,246,2224,2134,23232,3480,26712,29384
574,360,68,149,437,279,53,537,112,542,49,319,287,3198,518,3716,4199
575,62,14,30,52,30,6,74,17,51,4,44,38,428,51,479,527
576,19736,3992,8082,25709,13471,2467,26455,6135,24897,2402,16847,14575,164773,25319,190093,214805
577,1345,254,558,1634,1042,201,2006,418,2024,184,1193,1073,11933,1933,13866,15530
578,845,165,327,1026,513,112,1147,258,1065,48,655,629,6795,1044,7839,8153
579,5456,1030,2266,6626,4228,815,8134,1697,8208,750,4837,4351,48388,7838,56226,68595
580,8001,1569,3100,9713,4862,1067,10858,2444,10086,463,6200,5956,64311,9880,74192,74934
581,15026,3115,6180,18939,10042,1844,20010,4684,18714,1669,12609,10890,123752,18739,142492,148192
582,1299,262,532,1692,886,162,1741,403,1639,158,1109,959,10848,1667,12516,13016
583,42542,10258,18857,48803,27758,3922,55743,13426,51443,3168,36131,31077,342983,50085,393069,507059
584,62545,12653,25614,81473,42691,7818,83839,19442,78902,7612,53390,46189,522173,80239,602413,638558
585,7660,1549,3137,9978,5228,957,10268,2381,9663,932,6538,5656,63951,9827,73778,81156
586,19,3,8,23,14,2,28,6,29,2,17,15,171,27,199,219
587,14728,3150,5775,15621,8900,1601,20242,4673,18561,498,11184,9845,114784,15883,130668,134588
588,13894,2725,5383,16866,8444,1854,18854,4244,17513,804,10767,10343,111673,17156,128830,131406
589,168,37,64,183,113,19,223,50,198,16,133,120,1330,192,1522,1918
590,27719,5607,11352,36107,18920,3464,37156,8616,34968,3373,23661,20470,231417,35560,266978,299016
591,427,98,206,358,209,45,505,121,348,32,302,261,2917,349,3266,3952
592,4133,952,2002,3473,2028,440,4892,1172,3369,317,2922,2533,28224,3382,31607,33503
593,10248,2083,3712,12885,7543,1562,14834,3074,13826,924,8332,7996,87024,13036,100061,112068
594,11930,2413,4886,15541,8143,1491,15992,3708,15050,1452,10184,8810,99604,15305,114909,126400
595,6899,1533,2660,7530,4656,789,9176,2051,8150,676,5467,4926,54508,7869,62377,63625
596,215,47,82,234,145,24,286,63,254,21,170,153,1700,245,1945,2315
597,5741,1190,2361,7236,3837,704,7645,1790,7150,637,4817,4160,47282,7160,54442,66964
598,18314,3705,7500,23856,12500,2289,24549,5693,23103,2229,15633,13524,152901,23495,176396,218732
599,1727,398,836,1451,847,184,2044,490,1408,132,1221,1058,11795,1413,13208,14529
600,3858,784,1397,4851,2840,588,5585,1157,5205,347,3137,3010,32764,4908,37673,44077
601,29442,5956,12057,38352,20096,3680,39466,9152,37141,3583,25132,21742,245803,37771,283574,314768
602,7636,1544,3127,9947,5212,954,10236,2373,9633,929,6518,5639,63754,9796,73551,89732
603,887,167,368,1077,687,132,1322,276,1334,121,786,707,7867,1274,9142,9873
604,37665,7619,15425,49063,25708,4708,50488,11708,47515,4584,32151,27815,314454,48320,362775,438958
605,1048,241,507,880,514,111,1240,297,854,80,740,642,7155,857,8013,8333
606,427,98,207,359,209,45,506,121,348,32,302,262,2922,350,3272,3337
607,28096,5683,11506,36599,19177,3512,37661,8733,35443,3419,23983,20748,234566,36044,270610,316614
608,39959,8083,16364,52052,27274,4994,53563,12421,50409,4863,34110,29509,333608,51263,384871,400266
609,17999,3641,7371,23446,12285,2249,24127,5595,22706,2190,15364,13292,150273,23091,173365,218440
610,53693,8894,24398,105509,33537,6691,63811,17054,53774,15096,54264,40392,477037,82824,559862,604651
611,445,99,171,486,300,50,592,132,526,43,353,318,3520,508,4029,4311
612,2236,370,1016,4394,1396,278,2657,710,2239,628,2259,1682,19867,3449,23316,23782
613,10041,1896,4171,12195,7781,1501,14971,3124,15108,1380,8904,8009,89055,14425,103481,125212
614,782,173,301,853,527,89,1040,232,924,76,620,558,6181,892,7073,7214
615,432,87,177,563,295,54,580,134,546,52,369,319,3614,555,4169,4211
616,117,27,56,98,57,12,139,33,95,9,83,71,802,96,898,997
617,599,113,249,728,464,89,894,186,902,82,532,478,5321,861,6182,7419
618,6687,1430,2622,7092,4040,727,9190,2121,8427,226,5077,4470,52114,7211,59325,76530
619,457,86,190,555,354,68,682,142,688,62,405,364,4057,657,4714,5280
620,470,95,170,591,346,71,681,141,634,42,382,367,3996,598,4595,4686
621,180,34,74,218,139,26,268,56,271,24,159,143,1597,258,1856,2116
622,1612,395,658,1764,998,181,2058,517,1991,96,1250,1032,12565,1807,14373,16816
623,239,53,92,261,161,27,318,71,283,23,189,171,1893,273,2167,2578
624,656,145,253,717,443,75,873,195,776,64,520,469,5189,749,5939,6533
625,3494,776,1347,3814,2358,399,4648,1039,4128,342,2769,2495,27609,3985,31595,35387
626,1039,211,376,1307,765,158,1504,311,1402,93,845,811,8828,1322,10150,12790
627,6303,1275,2581,8210,4302,787,8448,1959,7951,767,5380,4654,52621,8086,60707,69207
628,81661,16520,33443,106374,55739,10207,109463,25384,103016,9939,69707,60305,681765,104762,786528,841584
629,19894,4024,8147,25915,13579,2486,26667,6184,25097,2421,16982,14691,166091,25522,191614,222272
630,1747,402,846,1467,857,186,2067,495,1423,134,1235,1070,11928,1429,13357,16163
631,46160,9338,18904,60130,31507,5770,61876,14349,58232,5618,39403,34089,385383,59219,444603,542415
632,2002,415,823,2524,1338,245,2667,624,2494,222,1680,1451,16494,2497,18991,21650
633,35449,7171,14518,46177,24196,4431,47518,11019,44720,4314,30260,26179,295957,45478,341435,351678
634,1604,302,666,1948,1243,239,2392,499,2414,220,1422,1279,14230,2305,16535,18850
635,117,22,48,142,90,17,174,36,176,16,103,93,1038,168,1206,1327
636,551,108,213,669,335,73,748,168,694,31,427,410,4431,680,5111,5980
637,7779,1573,3186,10134,5310,972,10428,2418,9814,946,6641,5745,64952,9980,74933,90669
638,216,49,104,181,106,23,256,61,176,16,153,132,1477,177,1654,1721
639,12085,2585,4739,12817,7302,1314,16609,3834,15230,409,9176,8078,94182,13033,107215,112576
640,319,64,115,401,235,48,462,95,431,28,259,249,2713,406,3120,3370
641,630,127,258,820,430,78,844,195,794,76,537,465,5260,808,6069,7101
642,29613,5990,12127,38575,20213,3701,39695,9205,37357,3604,25278,21869,247232,37990,285223,319450
643,595,143,264,683,388,54,780,187,720,44,505,435,4801,701,5502,6383
644,14987,3031,6137,19522,10229,1873,20089,4658,18906,1824,12793,11067,125123,19227,144351,154455
645,112,21,46,137,87,16,168,35,169,15,100,90,1000,162,1163,1395
646,576,117,208,724,424,87,834,172,777,51,468,449,4893,733,5626,6695
647,7353,1218,3341,14449,4592,916,8738,2335,7364,2067,7431,5531,65329,11342,76672,78205
648,1477,340,715,1241,724,157,1748,419,1204,113,1044,905,10089,1209,11298,14462
649,10382,2220,4071,11011,6273,1128,14268,3294,13084,351,7884,6940,80912,11196,92109,92109
650,1942,431,748,2120,1310,222,2583,577,2294,190,1539,1386,15344,2215,17560,18086
651,997,221,384,1088,673,114,1326,296,1178,97,790,712,7880,1137,9018,10641
652,10465,2117,4285,13632,7143,1308,14028,3253,13202,1273,8933,7728,87372,13425,100798,119949
653,17526,3545,7177,22829,11962,2190,23492,5448,22109,2133,14960,12942,146319,22484,168803,194123
654,181,34,75,220,140,27,270,56,273,24,160,144,1609,260,1869,2337
655,79,18,38,67,39,8,94,22,65,6,56,48,545,65,610,787
656,9192,1868,3330,11558,6766,1401,13306,2757,12402,828,7474,7173,78060,11694,89755,105013
657,2209,433,856,2682,1342,294,2998,674,2785,127,1712,1644,17759,2728,20487,20897
658,460,95,189,580,307,56,613,143,573,51,386,333,3793,574,4368,5329
659,2408,481,876,2765,1416,319,2861,764,2745,211,1686,1611,18151,2645,20797,22668
660,56377,9339,25618,110785,35214,7025,67002,17907,56463,15850,56977,42411,500889,86965,587855,646641
661,80048,16194,32783,104274,54638,10006,107302,24883,100982,9742,68331,59115,668302,102694,770996,817256
662,2501,490,969,3036,1520,333,3394,764,3153,144,1938,1862,20106,3088,23195,28066
663,4187,790,1739,5085,3244,626,6243,1303,6299,575,3712,3339,37135,6015,43150,50486
664,367,69,152,446,285,55,548,114,553,50,326,293,3262,528,3791,4284
665,1764,333,732,2142,1367,263,2630,548,2654,242,1564,1407,15644,2534,18179,19451
666,1968,398,806,2564,1343,246,2638,611,2483,239,1680,1453,16434,2525,18959,22941
667,17889,3619,7326,23303,12210,2236,23980,5561,22567,2177,15270,13211,149353,22950,172304,187811
668,20100,4466,7751,21940,13564,2299,26735,5977,23746,1970,15929,14352,158802,22925,181727,208986
669,639,125,247,775,388,85,867,195,805,37,495,475,5137,789,5927,7409
670,126,25,45,158,92,19,182,37,170,11,102,98,1072,160,1232,1454
671,18607,3980,7297,19735,11244,2023,25572,5903,23449,630,14129,12438,145011,20066,165078,201395
672,1799,384,705,1908,1087,195,2473,571,2268,60,1366,1203,14025,1940,15966,20436
673,683,129,283,830,529,102,1019,212,1028,93,606,545,6061,981,7043,7536
674,571,122,223,605,345,62,784,181,719,19,433,381,4451,615,5067,5776
675,806,197,329,882,499,90,1029,258,995,48,625,516,6282,903,7186,7474
676,200,37,83,243,155,29,298,62,301,27,177,159,1775,287,2062,2413
677,6858,1653,3040,7867,4474,632,8986,2164,8293,510,5824,5009,55291,8074,63365,81108
678,3890,644,1768,7645,2430,484,4624,1235,3896,1093,3932,2927,34568,6001,40570,48278
679,13237,2596,5129,16068,8044,1766,17962,4043,16685,766,10258,9853,106390,16344,122735,133781
680,919,186,376,1197,627,114,1232,285,1160,111,784,679,7677,1179,8856,11248
681,540,109,195,679,397,82,782,162,729,48,439,421,4590,687,5278,6334
682,1335,221,606,2624,834,166,1587,424,1337,375,1349,1004,11865,2060,13925,14203
683,104,21,37,130,76,15,150,31,140,9,84,81,884,132,1016,1148
684,35195,7528,13802,37328,21268,3826,48370,11167,44355,1192,26726,23526,274288,37956,312244,402795
685,2334,386,1060,4587,1458,290,2774,741,2338,656,2359,1756,20741,3601,24342,29697
686,229,46,94,298,156,28,307,71,289,27,195,169,1916,294,2210,2210
687,1340,253,557,1628,1039,200,1999,417,2017,184,1189,1069,11892,1926,13819,15891
688,4554,921,1865,5932,3108,569,6105,1415,5745,554,3887,3363,38024,5843,43867,55273
689,64858,13121,26562,84486,44270,8107,86940,20161,81819,7893,55364,47897,541481,83206,624688,737132
690,793,176,305,865,535,90,1054,235,937,77,628,566,6266,904,7170,8676
691,3747,758,1534,4881,2557,468,5022,1164,4727,456,3198,2767,31283,4807,36090,37895
692,3427,696,1241,4310,2523,522,4962,1028,4624,309,2787,2674,29109,4360,33470,37486
693,8473,1600,3520,10291,6566,1267,12633,2636,12748,1164,7513,6758,75148,12172,87321,96053
694,2144,420,830,2603,1303,286,2909,655,2703,124,1661,1596,17235,2647,19883,20877
695,1631,308,677,1981,1264,243,2432,507,2454,224,1446,1301,14469,2343,16813,17654
696,6759,1445,2650,7169,4084,734,9289,2144,8518,228,5132,4518,52677,7289,59967,71961
697,34639,7007,14186,45122,23643,4329,46432,10767,43698,4215,29568,25580,289193,44438,333632,387013
698,1366,277,495,1718,1005,208,1977,409,1843,123,1111,1066,11603,1738,13341,17077
699,81110,16408,33218,105657,55363,10138,108725,25213,102322,9872,69237,59899,677169,104056,781226,992157
700,265,53,96,333,195,40,384,79,358,23,215,207,2255,337,2593,2774
701,2640,534,1081,3440,1802,330,3540,820,3331,321,2254,1950,22048,3387,25436,30523
702,9346,1890,3827,12174,6379,1168,12528,2905,11790,1137,7977,6901,78027,11990,90017,107120
703,3089,583,1283,3751,2393,461,4605,961,4647,424,2739,2463,27396,4437,31834,32471
704,8829,2034,4276,7418,4331,941,10449,2505,7196,678,6241,5411,60287,7224,67511,85064
705,60734,11912,23532,73721,36909,8104,82411,18552,76552,3515,47064,45209,488121,74990,563112,602530
706,172,41,76,198,112,15,226,54,208,12,146,126,1392,203,1595,1771
707,5581,1240,2152,6092,3766,638,7423,1659,6593,547,4423,3985,44094,6365,50460,59543
708,4891,1179,2168,5611,3191,451,6409,1543,5915,364,4154,3573,39438,5759,45197,52881
709,233,57,95,255,144,26,298,75,288,13,181,149,1821,262,2083,2083
710,3,0,1,3,1,0,4,1,3,0,2,2,24,3,28,32
711,7058,1332,2932,8572,5469,1055,10524,2196,10620,970,6258,5629,62600,10140,72740,93835
712,12621,2475,4890,15320,7670,1684,17126,3855,15908,730,9780,9394,101437,15583,117021,142766
713,2786,526,1157,3384,2159,416,4154,867,4192,383,2471,2222,24715,4003,28718,29867
714,314,59,130,381,243,46,468,97,472,43,278,250,2787,451,3238,3756
715,77,18,31,84,47,8,98,24,95,4,59,49,601,86,687,756
716,1574,336,617,1669,951,171,2163,499,1983,53,1195,1052,12267,1697,13965,17317
717,11078,2241,4537,14431,7561,1384,14850,3443,13975,1348,9456,8181,92492,14212,106704,133380
718,36499,7384,14948,47545,24913,4562,48926,11346,46045,4442,31156,26954,304726,46825,351551,355067
719,3122,589,1297,3792,2419,466,4655,971,4697,429,2768,2490,27691,4485,32177,41186
720,15358,3107,6290,20006,10483,1919,20587,4774,19375,1869,13110,11342,128225,19703,147928,186390
721,56,12,22,60,34,6,78,18,71,1,43,38,443,61,504,575
722,452,96,177,480,273,49,622,143,570,15,343,302,3529,488,4017,4098
723,216,40,90,263,167,32,323,67,326,29,192,172,1922,311,2234,2613
724,169,37,65,184,114,19,225,50,200,16,134,120,1337,193,1531,1638
725,3481,761,1420,4096,2694,384,4947,1120,4748,294,3148,2540,29644,4288,33932,37665
726,95,21,46,80,46,10,112,27,77,7,67,58,651,78,729,729
727,17581,3556,7200,22902,12000,2197,23567,5465,22179,2139,15008,12983,146785,22555,169340,198128
728,8075,1633,3307,10519,5512,1009,10825,2510,10187,982,6893,5963,67420,10360,77780,84003
729,836,178,327,886,505,90,1148,265,1053,28,634,558,6515,901,7416,8900
730,5731,1273,2210,6255,3867,655,7623,1704,6770,561,4542,4092,45280,6536,51817,52335
731,19771,4767,8764,22681,12900,1822,25906,6240,23908,1472,16792,14443,159402,23277,182680,191814
732,834,201,370,957,544,76,1093,263,1009,62,709,609,6730,982,7713,9873
733,1034,195,429,1256,801,154,1542,322,1556,142,917,825,9177,1486,10663,13542
734,1177,235,428,1351,692,156,1398,373,1341,103,824,787,8873,1293,10166,11284
735,1492,309,613,1881,997,183,1987,465,1859,165,1252,1081,12293,1861,14155,17835
736,11788,2225,4896,14316,9134,1762,17575,3668,17735,1620,10452,9401,104542,16934,121477,139698
737,5327,1082,1929,6698,3921,812,7711,1598,7187,480,4331,4156,45236,6776,52012,62415
738,271,55,98,340,199,41,392,81,365,24,220,211,2302,344,2647,2885
739,19389,3922,7940,25256,13234,2423,25990,6027,24459,2359,16550,14318,161873,24874,186748,231567
740,2065,389,857,2508,1600,308,3078,642,3107,283,1831,1647,18314,2966,21281,22983
741,96,21,37,105,65,11,128,28,114,9,76,69,765,110,876,981
742,167,34,60,210,123,25,242,50,226,15,136,130,1423,213,1636,2045
743,3464,700,1418,4513,2364,433,4644,1076,4370,421,2957,2558,28924,4444,33369,39376
744,7467,1410,3102,9069,5786,1116,11133,2323,11234,1026,6621,5955,66224,10727,76952,79260
745,463,99,181,491,280,50,637,147,584,15,352,310,3614,500,4114,4690
746,2635,535,954,3313,1939,401,3814,790,3555,237,2142,2056,22377,3352,25729,32676
747,567,115,205,713,417,86,821,170,765,51,461,442,4817,721,5539,5649
748,5641,934,2563,11086,3523,703,6704,1792,5650,1586,5701,4244,50124,8702,58827,66474
749,65,13,23,82,48,10,95,19,88,5,53,51,557,83,641,647
750,7545,1249,3428,14827,4713,940,8967,2396,7557,2121,7625,5676,67039,11639,78678,95988
751,1330,295,512,1451,897,152,1769,395,1571,130,1054,949,10507,1516,12024,12986
752,1697,391,822,1426,832,180,2009,481,1383,130,1200,1040,11592,1389,12981,14928
753,10653,2367,4108,11628,7189,1218,14169,3168,12585,1044,8442,7607,84165,12150,96315,119431
754,14678,2969,6011,19120,10018,1834,19675,4562,18516,1786,12529,10839,122544,18830,141375,182374
755,891,168,370,1082,690,133,1328,277,1340,122,790,710,7903,1280,9183,11112
756,986,200,357,1240,725,150,1427,295,1330,88,801,769,8375,1254,9630,10400
757,727,167,352,611,356,77,861,206,593,55,514,445,4967,595,5562,6508
758,1870,415,721,2041,1262,213,2487,556,2209,183,1482,1335,14776,2133,16909,21136
759,5375,1087,2201,7002,3669,671,7205,1671,6781,654,4588,3969,44879,6896,51775,55399
760,130936,26488,53623,170562,89372,16367,175515,40702,165178,15936,111770,96695,1093150,167978,1261128,1513353
761,5525,915,2510,10857,3451,688,6566,1754,5533,1553,5583,4156,49087,8522,57610,61066
762,72999,14768,29896,95091,49827,9124,97853,22692,92090,8884,62313,53909,609452,93651,703103,731227
763,404,99,165,442,250,45,516,129,499,24,313,258,3151,453,3605,4109
764,150,30,54,189,110,22,217,45,203,13,122,117,1278,191,1470,1735
765,6495,1273,2516,7884,3947,866,8813,1984,8186,375,5033,4834,52201,8019,60221,75879
766,85,17,31,107,63,13,124,25,115,7,69,66,727,109,836,970
767,1358,256,564,1649,1052,203,2025,422,2043,186,1204,1083,12047,1951,13998,16098
768,4718,925,1828,5727,2867,629,6402,1441,5947,273,3656,3512,37921,5825,43747,46810
769,15746,2608,7155,30942,9835,1962,18713,5001,15770,4427,15913,11845,139897,24289,164186,165828
770,12533,2785,4833,13680,8457,1433,16670,3727,14806,1228,9932,8949,99016,14294,113311,145038
771,587,130,226,641,396,67,781,174,693,57,465,419,4639,669,5309,6159
772,2736,536,1060,3322,1663,365,3713,836,3449,158,2120,2037,21995,3379,25374,32733
773,22337,4518,9148,29097,15246,2792,29942,6943,28178,2718,19067,16495,186488,28656,215144,240962
774,1050,212,430,1368,717,131,1408,326,1325,127,897,776,8773,1348,10121,10223
775,686,137,249,788,403,91,815,217,782,60,480,459,5171,753,5925,5984
776,119992,24274,49141,156306,81902,14999,160845,37300,151372,14604,102428,88613,1001781,153938,1155719,1363748
777,1005,215,394,1066,607,109,1381,319,1267,34,763,672,7835,1084,8919,11506
778,37665,7619,15425,49063,25708,4708,50488,11708,47515,4584,32151,27815,314454,48320,362775,413563
779,132,30,64,111,65,14,156,37,108,10,93,81,905,108,1013,1185
780,4827,911,2005,5863,3741,721,7197,1502,7263,663,4280,3850,42816,6935,49751,58209
781,1502,304,615,1957,1025,187,2014,467,1895,182,1282,1109,12546,1927,14474,15198
782,10036,2030,4110,13073,6850,1254,13453,3119,12661,1221,8567,7411,83792,12875,96668,116968
783,3608,733,1307,4537,2656,550,5223,1082,4868,325,2934,2815,30642,4590,35232,36994
784,798,170,312,846,482,86,1096,253,1005,27,605,533,6219,860,7079,8708
785,1457,294,596,1898,994,182,1953,453,1838,177,1244,1076,12167,1869,14037,17406
786,411,83,149,517,303,62,595,123,555,37,334,321,3495,523,4019,4381
787,3087,583,1282,3750,2392,461,4603,960,4645,424,2737,2462,27384,4435,31819,36592
788,742,140,308,901,575,110,1106,230,1116,102,658,591,6582,1066,7648,9331
789,405,82,146,509,298,61,587,121,547,36,329,316,3444,515,3959,4237
790,53849,11518,21117,57113,32540,5855,74007,17085,67863,1823,40891,35995,419661,58073,477734,530285
791,3934,919,1746,4084,2893,313,5160,1226,5495,206,3257,2409,31641,3977,35618,38468
792,164,36,63,179,111,18,219,49,194,16,130,117,1301,187,1489,1683
793,740,139,307,899,574,110,1104,230,1114,101,656,590,6570,1064,7635,9391
794,1680,329,651,2039,1021,224,2279,513,2117,97,1302,1250,13503,2074,15578,17915
795,26372,5335,10800,34353,18001,3296,35351,8198,33269,3209,22512,19475,220177,33833,254011,307353
796,15000,2484,6816,29477,9369,1869,17827,4764,15023,4217,15160,11284,133274,23139,156414,172055
797,14435,2934,5229,18150,10625,2200,20895,4330,19475,1301,11737,11264,122579,18363,140942,171950
798,281,53,116,341,217,42,419,87,423,38,249,224,2493,403,2897,3129
799,605,114,251,734,468,90,902,188,910,83,536,482,5365,869,6235,6235
800,19831,4407,7647,21646,13383,2268,26377,5897,23428,1944,15716,14160,156676,22618,179295,195431
801,14248,2896,5162,17915,10487,2172,20625,4274,19223,1284,11585,11118,120994,18125,139120,150249
802,2869,613,1125,3043,1734,312,3943,910,3616,97,2179,1918,22363,3094,25458,32586
803,2022,411,732,2542,1488,308,2927,606,2728,182,1644,1578,17173,2572,19746,25077
804,989,219,381,1079,667,113,1315,294,1168,96,783,706,7815,1128,8943,10284
805,1977,410,813,2492,1321,242,2633,616,2463,219,1659,1433,16288,2466,18755,21193
806,1691,342,692,2202,1154,211,2266,525,2133,205,1443,1248,14118,2169,16287,20848
807,2869,704,1172,3141,1777,322,3664,921,3544,171,2225,1837,22367,3216,25584,28142
808,116,23,42,146,85,17,168,34,157,10,94,90,989,148,1138,1377
809,2126,425,773,2441,1249,282,2525,674,2422,186,1488,1422,16022,2334,18357,20376
810,7398,1644,2852,8075,4992,846,9840,2200,8740,725,5863,5282,58448,8437,66886,83608
811,3441,649,1429,4179,2666,514,5130,1070,5177,473,3051,2744,30519,4943,35463,42201
812,2723,553,986,3424,2004,415,3942,817,3674,245,2214,2125,23128,3464,26593,30582
813,327,70,128,347,197,35,450,103,412,11,248,218,2552,353,2905,3167
814,54120,10948,22164,70499,36940,6765,72546,16823,68273,6587,46198,39967,451836,69431,521267,646371
815,10845,2194,4441,14128,7403,1355,14538,3371,13682,1320,9258,8009,90549,13914,104463,122222
816,6033,1290,2366,6399,3646,656,8292,1914,7604,204,4581,4033,47024,6507,53531,63167
817,5350,1290,2371,6137,3490,493,7010,1688,6469,398,4543,3908,43132,6298,49431,59317
818,4316,815,1793,5242,3345,645,6436,1343,6494,593,3827,3442,38283,6201,44484,52937
819,12676,2099,5760,24910,7918,1579,15065,4026,12695,3564,12811,9536,112626,19554,132180,150685
820,38266,7741,15671,49847,26119,4783,51294,11895,48273,4657,32664,28259,319474,49091,368566,383308
821,69450,14049,28442,90467,47404,8681,93095,21588,87612,8452,59283,51287,579816,89097,668913,709048
822,13598,3133,6585,11424,6671,1449,16091,3857,11083,1044,9612,8333,92842,11125,103967,109166
823,924,187,334,1162,680,140,1338,277,1247,83,751,721,7849,1175,9025,11643
824,190,45,84,218,124,17,249,60,229,14,161,138,1532,223,1756,1827
825,9399,2088,3624,10259,6343,1075,12502,2795,11104,921,7449,6711,74259,10720,84980,89229
826,4067,870,1595,4313,2457,442,5590,1290,5126,137,3088,2718,31698,4386,36085,46189
827,3682,787,1443,3905,2225,400,5060,1168,4640,124,2796,2461,28696,3970,32667,36913
828,18004,4000,6942,19651,12149,2059,23946,5354,21269,1765,14268,12855,142239,20534,162773,208349
829,6475,1222,2689,7864,5017,968,9654,2014,9742,890,5741,5164,57425,9301,66727,77403
830,698,149,273,740,421,75,959,221,879,23,530,466,5441,753,6194,7805
831,889,168,369,1080,689,133,1326,276,1338,122,788,709,7890,1278,9169,9627
832,42,8,15,53,31,6,62,12,57,3,34,33,363,54,418,493
833,3776,807,1480,4005,2281,410,5189,1198,4758,127,2867,2524,29428,4072,33501,39196
834,2260,452,822,2595,1329,300,2685,717,2576,198,1582,1512,17036,2482,19519,22837
835,4293,872,1555,5398,3160,654,6214,1287,5792,387,3490,3350,36456,5461,41918,42337
836,5147,1046,1865,6472,3789,784,7451,1544,6945,464,4185,4016,43714,6548,50262,63331
837,1089,250,527,915,534,116,1288,308,887,83,769,667,7436,891,8327,10242
838,928,198,364,985,561,100,1276,294,1170,31,705,620,7238,1001,8239,9063
839,4330,880,1568,5445,3187,660,6268,1299,5842,390,3521,3379,36774,5509,42283,49894
840,7876,1750,3037,8597,5315,900,10476,2342,9305,772,6242,5624,62227,8983,71210,89013
841,1443,292,591,1880,985,180,1935,448,1821,175,1232,1066,12052,1852,13905,16129
842,4532,969,1777,4807,2739,492,6229,1438,5712,153,3442,3029,35325,4888,40213,48658
843,1477,340,715,1241,724,157,1748,419,1204,113,1044,905,10089,1209,11298,12767
844,11038,2084,4585,13406,8553,1650,16457,3434,16607,1517,9787,8804,97895,15857,113752,127402
845,147,33,71,123,72,15,174,41,119,11,104,90,1004,120,1125,1361
846,58,13,22,64,39,6,78,17,69,5,46,42,465,67,532,612
847,22934,4905,8993,24324,13858,2493,31519,7276,28903,776,17415,15330,178734,24733,203468,256370
848,6925,1700,2830,7581,4288,777,8844,2223,8553,413,5369,4434,53979,7763,61742,70386
849,6198,1377,2390,6766,4183,709,8244,1843,7323,607,4912,4426,48973,7069,56043,66130
850,508,99,197,617,309,67,690,155,641,29,394,378,4090,628,4718,5237
851,34774,7727,13409,37956,23466,3977,46252,10341,41081,3409,27558,24830,274727,39660,314388,396129
852,6659,1347,2727,8675,4545,832,8927,2070,8401,810,5684,4918,55600,8543,64144,66710
853,845,171,346,1101,577,105,1133,262,1066,102,721,624,7058,1084,8142,8631
854,334,71,131,355,202,36,460,106,421,11,254,223,2609,361,2970,3356
855,26377,5336,10802,34360,18004,3297,35358,8199,33275,3210,22516,19479,220218,33839,254057,276923
856,16677,2762,7578,32772,10417,2078,19820,5297,16703,4689,16855,12546,148175,25726,173901,184335
857,8095,1678,3329,10203,5410,993,10780,2523,10082,899,6793,5866,66668,10095,76764,79067
858,2467,548,951,2693,1665,282,3282,733,2915,241,1955,1761,19494,2814,22309,24986
859,4474,905,1832,5827,3053,559,5997,1390,5644,544,3819,3303,37352,5739,43091,45246
860,7922,1602,3244,10320,5407,990,10620,2462,9994,964,6762,5850,66144,10163,76308,94621
861,36,7,14,43,22,4,49,11,45,2,28,26,291,44,335,429
862,1657,343,681,2089,1107,203,2207,516,2064,184,1391,1201,13652,2067,15720,18549
863,538,111,221,678,359,66,717,167,670,59,451,390,4434,671,5105,6382
864,147,31,57,156,89,16,203,46,186,5,112,98,1152,159,1311,1679
865,713,134,296,866,552,106,1063,221,1072,98,632,568,6324,1024,7349,7569
866,152,33,58,166,103,17,203,45,180,14,121,109,1207,174,1381,1547
867,1764,333,733,2143,1367,263,2631,549,2655,242,1564,1407,15650,2535,18185,20912
868,3111,629,1274,4052,2123,388,4170,967,3924,378,2655,2297,25975,3991,29967,34462
869,739,145,286,897,449,98,1003,225,931,42,572,550,5941,912,6854,7060
870,9192,1859,3764,11974,6274,1149,12321,2857,11596,1118,7846,6788,76743,11792,88536,112440
871,167,38,81,140,82,17,198,47,136,12,118,102,1142,136,1279,1637
872,85,19,33,93,57,9,114,25,101,8,68,61,678,97,776,861
873,7595,1775,3371,7884,5586,605,9962,2366,10608,399,6288,4650,61080,7678,68758,85948
874,6182,1490,2740,7091,4033,569,8100,1951,7475,460,5250,4516,49840,7278,57119,67400
875,1894,385,686,2382,1394,288,2742,568,2556,170,1540,1478,16089,2410,18499,18499
876,548,103,227,665,424,81,817,170,824,75,486,437,4861,787,5648,7230
877,84393,17073,34562,109933,57604,10549,113126,26234,106463,10271,72039,62323,704574,108268,812842,837228
878,6113,1199,2368,7421,3715,815,8295,1867,7706,353,4737,4550,49136,7548,56685,71423
879,469,92,181,569,285,62,636,143,591,27,363,349,3772,579,4351,5178
880,254,56,97,277,171,29,337,75,300,24,201,181,2006,289,2296,2893
881,8629,1692,3343,10474,5244,1151,11709,2636,10877,499,6687,6423,69355,10655,80011,83211
882,529,99,219,642,410,79,789,164,796,72,469,422,4693,760,5453,6053
883,25094,5202,10320,31628,16771,3079,33417,7823,31253,2788,21057,18186,206667,31295,237962,271277
884,8264,1679,2994,10391,6082,1259,11962,2479,11149,745,6719,6448,70176,10512,80689,84724
885,809,167,332,1020,541,99,1078,252,1008,89,679,586,6667,1009,7677,7677
886,35695,7221,14618,46498,24364,4461,47848,11096,45030,4344,30470,26360,298012,45793,343806,343806
887,65327,13215,26754,85097,44590,8165,87568,20307,82411,7951,55764,48243,545396,83807,629204,717292
888,12044,2436,4932,15690,8221,1505,16145,3744,15194,1465,10281,8895,100559,15452,116012,120652
889,460,87,191,559,357,68,687,143,693,63,408,367,4087,662,4750,6127
890,1337,285,524,1418,807,145,1837,424,1684,45,1015,893,10419,1441,11861,14352
891,4095,910,1579,4470,2763,468,5447,1218,4838,401,3245,2924,32358,4671,37029,47027
892,2404,486,984,3132,1641,300,3223,747,3033,292,2052,1775,20074,3084,23159,27790
893,4381,886,1794,5707,2990,547,5873,1362,5527,533,3740,3235,36579,5621,42200,49796
894,11393,1887,5177,22389,7116,1419,13541,3619,11411,3203,11515,8571,101229,17575,118805,136625
895,10,2,4,12,6,1,14,3,13,0,8,7,84,12,97,104
896,1269,306,562,1455,828,117,1662,400,1534,94,1077,927,10230,1494,11724,13366
897,52,10,19,66,38,8,76,15,70,4,42,41,446,66,513,631
898,3263,725,1258,3561,2202,373,4340,970,3854,319,2585,2330,25779,3721,29501,30976
899,1421,342,630,1631,927,131,1863,448,1719,105,1207,1038,11463,1674,13137,14713
900,111,27,45,121,68,12,141,35,137,6,86,71,866,124,990,1149
901,5399,1326,2207,5910,3343,606,6895,1733,6668,322,4186,3457,42085,6052,48138,60172
902,2074,406,803,2517,1260,276,2814,633,2614,120,1607,1543,16670,2561,19231,19808
903,37971,7681,15550,49463,25918,4746,50899,11803,47901,4621,32413,28041,317013,48713,365727,471788
904,2433,477,943,2954,1479,324,3302,743,3067,140,1886,1811,19561,3005,22566,22792
905,2936,594,1202,3825,2004,367,3936,912,3704,357,2506,2168,24517,3767,28284,32809
906,42096,8516,17240,54836,28733,5262,56428,13085,53105,5123,35934,31087,351449,54005,405454,506818
907,19466,3938,7972,25357,13287,2433,26094,6051,24557,2369,16617,14375,162520,24973,187494,196868
908,88,18,32,111,65,13,128,26,120,8,72,69,755,113,868,1025
909,1906,315,866,3746,1190,237,2265,605,1909,536,1926,1434,16938,2940,19879,21668
910,1447,321,558,1579,976,165,1924,430,1709,141,1146,1033,11433,1650,13084,13607
911,4899,811,2226,9627,3060,610,5822,1556,4906,1377,4951,3685,43528,7557,51086,59260
912,11236,2203,4353,13639,6828,1499,15247,3432,14163,650,8707,8364,90308,13874,104183,107308
913,38075,7702,15593,49598,25989,4759,51038,11836,48032,4634,32502,28118,317881,48847,366728,425405
914,1118,226,458,1456,763,139,1499,347,1411,136,954,825,9338,1434,10772,11311
915,1119,211,464,1359,867,167,1668,348,1683,153,992,892,9924,1607,11531,14760
916,1747,330,726,2122,1354,261,2605,543,2629,240,1549,1393,15499,2510,18010,19450
917,859,162,356,1043,665,128,1281,267,1292,118,761,685,7620,1234,8854,9651
918,246,50,89,310,181,37,357,74,333,22,200,192,2097,314,2411,2821
919,10708,2100,4148,12997,6507,1428,14529,3270,13496,619,8297,7970,86060,13221,99281,109210
920,82,15,34,100,63,12,122,25,124,11,73,65,731,118,849,900
921,2987,639,1171,3168,1805,324,4105,947,3764,101,2268,1996,23282,3221,26504,30479
922,2772,560,1135,3611,1892,346,3716,861,3497,337,2366,2047,23146,3556,26703,32845
923,2547,499,987,3092,1548,339,3457,778,3211,147,1974,1896,20477,3146,23623,26458
924,3151,726,1526,2647,1545,335,3729,893,2568,242,2227,1931,21515,2578,24093,28912
925,2690,546,974,3383,1980,410,3894,807,3630,242,2187,2099,22848,3422,26271,27059
926,8766,1948,3380,9568,5915,1002,11659,2606,10356,859,6946,6259,69254,9997,79252,84800
927,10655,2155,4363,13880,7273,1331,14283,3312,13442,1296,9095,7869,88960,13670,102630,105709
928,686,138,281,893,468,85,919,213,865,83,585,506,5729,880,6610,7337
929,21431,4335,8777,27917,14628,2678,28728,6662,27036,2608,18294,15827,178927,27494,206421,216743
930,405,79,157,492,246,54,550,123,511,23,314,302,3262,501,3763,4214
931,84,17,30,106,62,12,122,25,114,7,69,66,720,107,828,1044
932,231,45,89,280,140,30,314,70,291,13,179,172,1860,285,2145,2381
933,9888,2000,4049,12881,6749,1236,13255,3073,12474,1203,8440,7302,82555,12685,95241,103813
934,167,41,68,183,103,18,214,53,207,10,130,107,1307,188,1495,1660
935,3670,815,1415,4006,2477,419,4882,1091,4336,359,2908,2620,28998,4186,33184,42144
936,7011,1323,2912,8515,5433,1048,10453,2181,10549,963,6217,5592,62183,10072,72255,75146
937,3522,665,1463,4278,2729,526,5251,1096,5299,484,3123,2809,31239,5060,36299,41744
938,36,8,17,30,17,3,42,10,29,2,25,22,246,29,275,275
939,1771,408,857,1488,868,188,2095,502,1443,136,1252,1085,12092,1449,13542,15708
940,575,112,222,698,349,76,780,175,725,33,445,428,4623,710,5334,6507
941,456,89,176,553,277,60,618,139,574,26,353,339,3665,563,4228,4270
942,314,69,121,343,212,35,418,93,371,30,249,224,2485,358,2844,3214
943,7715,1568,2795,9700,5678,1176,11167,2314,10409,695,6273,6020,65515,9814,75330,83616
944,2252,500,868,2458,1519,257,2995,669,2660,220,1784,1608,17792,2568,20361,21786
945,1636,309,679,1987,1268,244,2440,509,2462,225,1451,1305,14516,2351,16867,19735
946,1203,227,499,1461,932,179,1793,374,1810,165,1066,959,10671,1728,12399,13019
947,844,180,331,895,510,91,1160,267,1064,28,641,564,6582,910,7493,8167
948,5232,1058,2142,6816,3571,654,7014,1626,6601,636,4466,3864,43686,6712,50399,53423
949,6483,1440,2500,7077,4375,741,8623,1928,7659,635,5138,4629,51224,7395,58619,60378
950,4563,895,1768,5538,2773,608,6191,1393,5751,264,3536,3396,36674,5634,42308,49501
951,5,1,2,4,2,0,6,1,4,0,3,3,34,4,38,45
952,15636,3163,6403,20368,10672,1954,20959,4860,19725,1903,13347,11547,130543,20059,150603,173193
953,341,75,131,372,230,39,454,101,403,33,270,243,2698,389,3088,3767
954,87030,17606,35642,113368,59403,10878,116660,27053,109789,10592,74290,64270,726586,111650,838237,922061
955,2183,428,846,2650,1326,291,2962,667,2752,126,1692,1625,17549,2696,20245,25306
956,34352,5690,15610,67504,21457,4281,40826,10911,34404,9658,34718,25842,305205,52990,358196,386851
957,1304,289,502,1423,880,149,1734,387,1540,127,1033,931,10302,1487,11790,13323
958,34,7,16,28,16,3,40,9,27,2,24,21,234,28,262,296
959,3411,746,1392,4014,2640,376,4848,1097,4653,288,3085,2489,29051,4202,33254,38242
960,1079,265,441,1182,668,121,1379,346,1333,64,837,691,8417,1210,9627,11071
961,320,73,155,269,157,34,379,90,261,24,226,196,2187,262,2450,3087
962,3979,808,1441,5003,2928,606,5759,1193,5368,358,3235,3105,33790,5062,38852,46622
963,11080,2241,4537,14433,7563,1385,14852,3444,13977,1348,9458,8182,92506,14214,106721,118460
964,4413,833,1833,5360,3420,660,6580,1373,6640,606,3913,3520,39144,6340,45485,47305
965,4340,819,1803,5271,3363,649,6471,1350,6530,596,3848,3462,38496,6235,44731,46073
966,2450,498,887,3081,1803,373,3547,735,3306,220,1992,1912,20811,3117,23928,24407
967,32789,6633,13428,42712,22380,4098,43952,10192,41363,3990,27989,24214,273745,42064,315810,353707
968,9711,1833,4034,11795,7525,1452,14479,3022,14611,1335,8611,7746,86130,13951,100082,124102
969,735,157,288,780,444,79,1011,233,927,24,558,491,5733,793,6527,6592
970,592,116,229,719,360,79,804,181,746,34,459,441,4762,731,5494,6703
971,766,188,313,839,474,86,978,246,946,45,594,490,5974,859,6834,7039
972,3722,897,1650,4270,2429,343,4878,1174,4501,277,3161,2719,30014,4383,34398,42309
973,175,36,71,220,116,21,233,54,218,19,146,126,1441,218,1659,2124
974,265,50,110,322,206,39,396,82,400,36,235,212,2358,381,2740,3479
975,304,61,124,397,208,38,408,94,384,37,260,225,2546,391,2937,3789
976,3719,826,1434,4059,2509,425,4946,1106,4393,364,2947,2655,29383,4241,33625,36652
977,815,160,316,990,495,108,1107,249,1028,47,632,607,6558,1007,7565,8927
978,35,7,13,43,21,4,48,10,45,2,27,26,286,44,331,337
979,3809,719,1582,4626,2952,569,5679,1185,5731,523,3377,3038,33785,5472,39258,44754
980,695,170,284,761,430,78,888,223,859,41,539,445,5422,779,6202,7690
981,36186,7320,14819,47137,24699,4523,48506,11248,45649,4404,30889,26723,302110,46423,348534,432182
982,12541,3024,5559,14387,8183,1156,16432,3958,15165,933,10651,9161,101110,14765,115875,127463
983,1342,253,557,1629,1040,200,2000,417,2019,184,1190,1070,11902,1928,13830,16458
984,5472,1107,2241,7128,3735,684,7335,1701,6903,666,4671,4041,45690,7020,52711,55346
985,7715,1560,3159,10050,5266,964,10342,2398,9733,939,6586,5697,64413,9898,74311,76541
986,2596,555,1018,2753,1568,282,3568,823,3272,87,1971,1735,20234,2800,23034,29253
987,18625,3767,7627,24261,12712,2328,24966,5789,23495,2266,15898,13754,155494,23894,179389,184770
988,6334,1242,2454,7688,3849,845,8595,1934,7984,366,4908,4715,50908,7821,58729,59316
989,1122,249,432,1224,757,128,1492,333,1325,110,889,801,8865,1279,10145,12783
990,306,75,125,335,189,34,391,98,378,18,237,196,2387,343,2730,3058
991,7790,1290,3539,15308,4866,970,9258,2474,7802,2190,7873,5860,69213,12017,81230,102350
992,545,121,210,595,368,62,726,162,644,53,432,389,4312,622,4935,5626
993,4695,777,2133,9227,2933,585,5580,1491,4703,1320,4745,3532,41720,7243,48964,56309
994,266,59,102,291,179,30,354,79,315,26,211,190,2106,304,2411,2603
995,333,62,138,404,258,49,497,103,501,45,295,265,2956,478,3435,3607
996,11709,2210,4864,14221,9073,1751,17458,3643,17617,1609,10382,9339,103845,16821,120667,138767
997,3158,642,1144,3971,2324,481,4571,947,4261,284,2568,2464,26819,4017,30837,31762
998,87385,14475,39708,171717,54582,10890,103853,27756,87518,24568,88315,65738,776379,134797,911176,1102523
